{
  "per_attr": {
    "indoor_lighting": {
      "rho_per_layer": [
        5.49499354696014,
        2.2623861948833355,
        3.1535913501073054,
        2.032511846913135,
        0.4208568708239048,
        0.45035437414083856,
        0.48021250672862315,
        0.1302765088955725,
        0.0957773074689698,
        0.05991830433238263,
        0.03500445972675622,
        0.05856977977094819,
        0.16399381447401043,
        0.0
      ],
      "std_per_layer": [
        5.985488576468229,
        1.186834529935658,
        3.831811289704566,
        1.4586910031792442,
        0.1074744420722053,
        0.13252199646336918,
        0.6545147710607765,
        0.03596621859784118,
        0.025777334857856556,
        0.02137035935274373,
        0.01090962147800348,
        0.01455673318696699,
        0.09912382701816648,
        0.0
      ],
      "argmax_layer": 0,
      "argmax_in_canonical": false,
      "canonical_layers": [
        6,
        7,
        8,
        9,
        10,
        11
      ]
    },
    "wood": {
      "rho_per_layer": [
        4.61941878039806,
        1.7158706447085246,
        3.0670099233583006,
        1.5785426218195928,
        0.6412008028596294,
        0.44721204914497004,
        0.5356763997325309,
        0.19263399514398388,
        0.09136050526575626,
        0.08554891544374865,
        0.06847028419266672,
        0.05427352062013477,
        0.09137885543998789,
        0.0
      ],
      "std_per_layer": [
        4.292746468963341,
        0.7311177026113418,
        5.188985077627454,
        1.0478486443518402,
        0.31310057083480586,
        0.11696161969445762,
        0.5787363948897172,
        0.04228177971646246,
        0.019611778921584142,
        0.027273223778531787,
        0.016090058706483498,
        0.012913659449395804,
        0.0327212094086175,
        0.0
      ],
      "argmax_layer": 0,
      "argmax_in_canonical": false,
      "canonical_layers": [
        6,
        7,
        8,
        9,
        10,
        11
      ]
    },
    "view": {
      "rho_per_layer": [
        5.858321619360326,
        0.43881889732850277,
        0.5910482412521019,
        0.6502953330116465,
        0.19928798412473886,
        0.13309586604373747,
        0.1071150878229063,
        0.0765171277534985,
        0.047135724186981275,
        0.040695557469385406,
        0.029610423821727926,
        0.02860720036392095,
        0.02414648894755124,
        0.0
      ],
      "std_per_layer": [
        8.338052649592441,
        0.36897121320416987,
        0.6491542490431612,
        0.7789791023696744,
        0.1116554595604949,
        0.037518547283157906,
        0.02164323882835884,
        0.022316696827111307,
        0.011981964328402258,
        0.012632142343346054,
        0.010187923036026001,
        0.006927338279563368,
        0.009596531685765521,
        0.0
      ],
      "argmax_layer": 0,
      "argmax_in_canonical": true,
      "canonical_layers": [
        0,
        1,
        2,
        3,
        4
      ]
    },
    "carpet": {
      "rho_per_layer": [
        2.930737632177978,
        2.3259125570149477,
        2.672818540204217,
        1.9861557944188941,
        0.8800993167993627,
        0.609788971854959,
        0.8601312651470668,
        0.1829280339125985,
        0.12166115395060398,
        0.09900339058857638,
        0.07969621592590931,
        0.08845855792560126,
        0.16199797436766347,
        0.0
      ],
      "std_per_layer": [
        2.7408642771767444,
        1.312142634740322,
        3.6808559711154505,
        1.5783583599331505,
        0.3487483160500893,
        0.1467497620230954,
        1.185761262181953,
        0.05027833174521685,
        0.05499594838466167,
        0.014558745107116666,
        0.015736227243672993,
        0.02096478077513339,
        0.04955486842588403,
        0.0
      ],
      "argmax_layer": 0,
      "argmax_in_canonical": false,
      "canonical_layers": [
        6,
        7,
        8,
        9,
        10,
        11
      ]
    },
    "cluttered_space": {
      "rho_per_layer": [
        1.3923372429487835,
        1.3417749307821034,
        2.1552534953007263,
        1.5962750497674143,
        0.6928537381785291,
        0.44242133837189757,
        0.39398900992875174,
        0.3089923953907742,
        0.11086948938048673,
        0.13962662244636248,
        0.06744534417756869,
        0.08194163971091037,
        0.07538840622624479,
        0.0
      ],
      "std_per_layer": [
        1.0563304090603831,
        0.8663798972100817,
        3.6506092915750123,
        1.5644248285831661,
        0.2864164331933833,
        0.13315256511018722,
        0.17183560573838155,
        0.14607138718871443,
        0.02369356008920855,
        0.04708398573800902,
        0.010696944225457838,
        0.011005083575960676,
        0.026177283492718847,
        0.0
      ],
      "argmax_layer": 2,
      "argmax_in_canonical": false,
      "canonical_layers": [
        6,
        7,
        8,
        9,
        10,
        11
      ]
    },
    "glossy": {
      "rho_per_layer": [
        6.385771500432894,
        1.9365621052501911,
        2.826170061028158,
        1.084395687933804,
        0.6626079809729047,
        0.36202719256084004,
        0.28426927716241,
        0.2068222633118872,
        0.12915626915686962,
        0.1571620311760522,
        0.05174365297316884,
        0.05806377760943536,
        0.11794967539447557,
        0.0
      ],
      "std_per_layer": [
        7.147755613142298,
        0.8400286472478345,
        5.886228617735213,
        0.5542978737128267,
        0.4912898422636816,
        0.09264552486142386,
        0.1407261834145292,
        0.07793776955331208,
        0.05265659940806581,
        0.05732750214837292,
        0.009712871073425552,
        0.014430783401252239,
        0.01644072641256252,
        0.0
      ],
      "argmax_layer": 0,
      "argmax_in_canonical": false,
      "canonical_layers": [
        6,
        7,
        8,
        9,
        10,
        11
      ]
    },
    "dirt": {
      "rho_per_layer": [
        1.8074462665561264,
        1.0271686452728779,
        1.215425800262378,
        0.9575171622428823,
        0.675415661467434,
        0.331345956750474,
        0.2095125296183241,
        0.19142528384145097,
        0.11824805606502041,
        0.19821886548120782,
        0.06438824206750321,
        0.07593832141494306,
        0.12272975730520148,
        0.0
      ],
      "std_per_layer": [
        2.0974502101145123,
        0.6773005042113024,
        1.74876373447198,
        0.8336195851776232,
        0.7590171083712852,
        0.11105072527125386,
        0.05310210369997172,
        0.053198468020487624,
        0.03923987666152063,
        0.08237297452000315,
        0.01218785569922165,
        0.016909020359777382,
        0.02351177750190126,
        0.0
      ],
      "argmax_layer": 0,
      "argmax_in_canonical": false,
      "canonical_layers": [
        6,
        7,
        8,
        9,
        10,
        11
      ]
    },
    "scary": {
      "rho_per_layer": [
        3.7182906931038744,
        2.090967882116436,
        1.3136905421577496,
        0.9172002574143647,
        0.4676336462024069,
        0.28728267564601984,
        0.22328295663789893,
        0.14098114636197562,
        0.08387750894747972,
        0.08269650889861879,
        0.05228670686396511,
        0.06373207683158108,
        0.15772206269314018,
        0.0
      ],