{
  "domain": "bedroom",
  "n_latents": 32,
  "K_probes": 128,
  "per_latent_effective_rank": [
    37.449466705322266,
    64.27371215820312,
    58.21461486816406,
    7.986606597900391,
    20.40793800354004,
    50.94506072998047,
    39.64195251464844,
    46.4326286315918,
    55.51382827758789,
    62.860877990722656,
    64.10203552246094,
    40.292728424072266,
    65.4891357421875,
    32.54105758666992,
    58.5982551574707,
    40.26593780517578,
    48.72431945800781,
    71.87301635742188,
    60.614906311035156,
    8.927541732788086,
    33.36586380004883,
    64.90300750732422,
    48.58129119873047,
    57.775089263916016,
    67.37501525878906,
    49.30293273925781,
    51.03211975097656,
    73.14897918701172,
    49.92539596557617,
    17.697444915771484,
    52.10430145263672,
    49.95165252685547
  ],
  "per_latent_spectrum_top16": [
    [
      614.6498413085938,
      205.0565948486328,
      126.2184066772461,
      118.03655242919922,
      64.70378875732422,
      47.013065338134766,
      43.89181137084961,
      39.956146240234375,
      37.750587463378906,
      35.153961181640625,
      32.68150329589844,
      29.960458755493164,
      29.156591415405273,
      26.677724838256836,
      26.375988006591797,
      26.14149284362793
    ],
    [
      174.9376678466797,
      130.88143920898438,
      108.99789428710938,
      92.2540054321289,
      86.37049102783203,
      64.4656982421875,
      56.82695007324219,
      45.648887634277344,
      43.968597412109375,
      38.48371887207031,
      34.96013259887695,
      30.953737258911133,
      30.12627410888672,
      27.933794021606445,
      27.55885887145996,
      26.949687957763672
    ],
    [
      290.1999816894531,
      114.25871276855469,
      99.81324768066406,
      67.36038208007812,
      57.890289306640625,
      56.171974182128906,
      47.560020446777344,
      43.58413314819336,
      35.12668991088867,
      30.63182258605957,
      27.61614990234375,
      26.920522689819336,
      24.8254451751709,
      23.396554946899414,
      21.612457275390625,
      20.4647274017334
    ],
    [
      4023.966064453125,
      248.4254150390625,
      185.46693420410156,
      139.55987548828125,
      98.64460754394531,
      79.52656555175781,
      62.63735580444336,
      55.65925979614258,
      53.204036712646484,
      48.082855224609375,
      43.93046569824219,
      40.32221603393555,
      38.06975555419922,
      35.33216857910156,
      32.234840393066406,
      29.88312530517578
    ],
    [
      1171.75732421875,
      189.1305694580078,
      104.38394165039062,
      81.91722106933594,
      64.98197937011719,
      51.51213073730469,
      48.344234466552734,
      40.02035903930664,
      33.71464920043945,
      31.331584930419922,
      28.87701416015625,
      25.773195266723633,
      25.283977508544922,
      23.517454147338867,
      23.312820434570312,
      21.47865867614746
    ],
    [
      296.1596984863281,
      126.65168762207031,
      67.68551635742188,
      49.65378952026367,
      42.53520584106445,
      40.87445831298828,
      36.30500793457031,
      33.46339797973633,
      30.75620460510254,
      26.133970260620117,
      24.68927001953125,
      22.809123992919922,
      21.558385848999023,
      21.24521827697754,
      20.64985466003418,
      19.844871520996094
    ],
    [
      1161.4945068359375,
      806.7716064453125,
      430.2166442871094,
      219.0455780029297,
      194.624267578125,
      167.4146270751953,
      146.91441345214844,
      137.8253173828125,
      113.09306335449219,
      99.90278625488281,
      92.57833862304688,
      84.35554504394531,
      80.0985336303711,
      72.13338470458984,
      71.06880950927734,
      63.41877365112305
    ],
    [
      528.5774536132812,
      138.1484375,
      115.82768249511719,
      102.40129852294922,
      91.47962951660156,
      75.42202758789062,
      56.684993743896484,
      54.87413024902344,
      49.239044189453125,
      44.39735794067383,
      41.65876770019531,
      36.405975341796875,
      35.54991912841797,
      33.68855285644531,
      32.71421813964844,
      31.21173667907715
    ],
    [
      419.8971862792969,
      333.8273010253906,
      206.86083984375,
      194.2850799560547,
      164.65213012695312,
      155.24026489257812,
      122.2923355102539,
      111.22566986083984,
      99.69312286376953,
      79.84561920166016,
      71.53365325927734,
      68.20768737792969,
      65.40167999267578,
      63.271060943603516,
      58.51068878173828,
      52.983062744140625
    ],
    [
      421.1304016113281,
      276.5050354003906,
      200.72496032714844,
      180.11727905273438,
      137.99020385742188,
      122.2939682006836,
      84.91625213623047,
      80.7314224243164,
      68.28035736083984,
      63.1256217956543,
      57.935203552246094,
      53.382293701171875,
      51.39055252075195,
      48.60102081298828,
      47.039520263671875,
      44.940860748291016
    ],
    [
      355.3448791503906,
      205.31851196289062,
      185.85720825195312,
      114.41985321044922,
      95.80860137939453,
      75.07234954833984,
      74.19642639160156,
      66.92459106445312,
      61.19590377807617,
      53.09051513671875,
      51.32573699951172,
      47.139713287353516,
      46.55948257446289,
      44.723140716552734,
      43.91606521606445,
      40.92689514160156
    ],
    [
      663.3369750976562,
      311.8755187988281,
      226.32196044921875,
      124.77347564697266,
      91.86183166503906,
      89.81105041503906,
      73.1705093383789,
      54.0464973449707,
      52.43241500854492,
      42.28352737426758,
      38.736328125,
      37.266361236572266,
      34.13372802734375,
      32.66585159301758,
      31.738754272460938,
      30.021390914916992
    ],
    [
      174.5122528076172,
      141.48086547851562,
      99.42823791503906,
      94.02136993408203,
      72.37538146972656,
      69.18539428710938,
      59.73172378540039,
      51.87989807128906,
      43.16748809814453,
      40.20977783203125,
      38.70433044433594,
      37.91904830932617,
      36.252044677734375,
      34.59346008300781,
      32.78861999511719,
      32.149112701416016
    ],
    [
      764.4234008789062,
      318.1971130371094,
      179.39254760742188,
      125.1666488647461,
      110.41505432128906,
      88.7761001586914,
      77.0864486694336,
      66.44561004638672,
      65.38722229003906,
      59.12196731567383,
      53.132442474365234,
      46.478721618652344,
      40.45945739746094,
      38.854454040527344,
      37.81016540527344,
      34.730865478515625
    ],
    [
      282.85052490234375,
      164.04385375976562,
      154.1534423828125,
      101.46726989746094,
      79.82455444335938,
      66.35433959960938,
      61.34923553466797,
      56.58130645751953,
      52.62543487548828,
      46.504554748535156,
      43.96098327636719,
      41.395843505859375,
      38.806243896484375,
      36.69736099243164,
      31.078460693359375,
      29.978139877319336
    ],
    [
      930.2913208007812,
      255.35806274414062,
      199.9182586669922,
      117.82674407958984,
      97.9403076171875,
      84.61516571044922,
      73.7847900390625,
      67.14385223388672,
      61.92372131347656,
      55.11152267456055,
      51.51169967651367,
      50.71458435058594,
      45.787540435791016,
      43.87320327758789,
      39.584800720214844,
      38.91089630126953
    ],
    [
      326.6553649902344,
      116.74143981933594,
      75.238525390625,
      68.18115234375,
      57.41753005981445,
      53.9106559753418,
      49.268836975097656,
      38.260318756103516,
      36.75422286987305,
      31.687091827392578,
      24.180681228637695,
      23.243179321289062,
      22.234325408935547,
      20.08632469177246,
      19.428056716918945,
      18.41493034362793
    ],
    [
      311.19189453125,
      169.0247344970703,
