{
  "domain": "ffhq",
  "n_latents": 32,
  "K_probes": 128,
  "per_latent_effective_rank": [
    75.51103210449219,
    72.80062103271484,
    75.75917053222656,
    44.90833282470703,
    74.3268814086914,
    61.7531623840332,
    59.207969665527344,
    50.23240280151367,
    65.67504119873047,
    58.42875289916992,
    50.40149688720703,
    66.06206512451172,
    71.88579559326172,
    80.29749298095703,
    70.11380767822266,
    69.2966537475586,
    50.22861099243164,
    69.30732727050781,
    74.56002807617188,
    71.5486831665039,
    55.171791076660156,
    56.51498794555664,
    62.21061325073242,
    55.385433197021484,
    63.432220458984375,
    63.07664489746094,
    84.14759826660156,
    71.53770446777344,
    64.06204223632812,
    63.14468002319336,
    52.38190841674805,
    50.468589782714844
  ],
  "per_latent_spectrum_top16": [
    [
      374.9634094238281,
      347.1965026855469,
      214.2808380126953,
      182.770751953125,
      149.2686767578125,
      137.9868927001953,
      126.92505645751953,
      108.28759765625,
      100.2844467163086,
      94.64512634277344,
      92.4179458618164,
      85.86226654052734,
      83.04991149902344,
      76.4466552734375,
      73.32425689697266,
      69.87163543701172
    ],
    [
      621.611328125,
      320.89337158203125,
      251.3824462890625,
      238.68698120117188,
      161.3770751953125,
      146.29457092285156,
      132.14727783203125,
      118.09432220458984,
      104.02821350097656,
      100.34176635742188,
      93.43994140625,
      92.84065246582031,
      90.40111541748047,
      83.53490447998047,
      81.08860778808594,
      75.39324951171875
    ],
    [
      520.5675659179688,
      399.2867736816406,
      370.6442565917969,
      215.02197265625,
      199.83480834960938,
      178.77017211914062,
      148.41429138183594,
      140.75631713867188,
      129.15328979492188,
      121.45646667480469,
      114.28106689453125,
      110.66124725341797,
      104.38468170166016,
      96.09809112548828,
      90.96283721923828,
      89.0112075805664
    ],
    [
      1497.3665771484375,
      775.8641357421875,
      669.95654296875,
      494.1945495605469,
      414.93096923828125,
      313.8070373535156,
      240.4117889404297,
      233.43685913085938,
      202.1765594482422,
      151.63519287109375,
      141.74276733398438,
      134.07403564453125,
      127.25035858154297,
      124.3583755493164,
      105.67516326904297,
      99.3033218383789
    ],
    [
      427.10296630859375,
      215.4611358642578,
      182.58189392089844,
      140.66006469726562,
      137.01611328125,
      118.765380859375,
      113.70393371582031,
      102.4871597290039,
      93.65326690673828,
      90.39112091064453,
      86.96186828613281,
      75.35250091552734,
      72.10723876953125,
      66.14004516601562,
      64.14653015136719,
      63.89191436767578
    ],
    [
      765.08203125,
      686.9051513671875,
      608.4408569335938,
      500.09051513671875,
      304.5478820800781,
      273.26470947265625,
      240.9314422607422,
      216.09268188476562,
      192.88140869140625,
      160.93312072753906,
      156.81546020507812,
      135.4734649658203,
      128.29861450195312,
      125.34368896484375,
      109.97320556640625,
      109.11431884765625
    ],
    [
      760.0895385742188,
      277.64874267578125,
      188.76190185546875,
      154.84442138671875,
      125.15302276611328,
      116.24288177490234,
      106.06160736083984,
      94.11692810058594,
      85.91206359863281,
      77.82380676269531,
      73.216064453125,
      71.99873352050781,
      65.573974609375,
      64.0425033569336,
      62.77975082397461,
      60.82377243041992
    ],
    [
      1045.821044921875,
      743.9905395507812,
      451.82208251953125,
      388.08538818359375,
      322.4537048339844,
      255.73837280273438,
      240.73190307617188,
      223.01258850097656,
      183.3243865966797,
      175.14761352539062,
      165.22911071777344,
      147.63992309570312,
      133.3529815673828,
      113.5980453491211,
      103.3123779296875,
      98.48279571533203
    ],
    [
      498.2573547363281,
      161.34188842773438,
      124.62507629394531,
      114.03873443603516,
      94.44234466552734,
      83.81806945800781,
      81.0226821899414,
      68.12874603271484,
      63.585575103759766,
      59.72266387939453,
      57.614681243896484,
      54.57324981689453,
      52.543548583984375,
      48.35051345825195,
      46.9681396484375,
      43.60594940185547
    ],
    [
      1305.8240966796875,
      892.9638671875,
      713.1627807617188,
      486.28057861328125,
      426.8723449707031,
      359.9284973144531,
      349.13848876953125,
      305.01593017578125,
      258.7369079589844,
      245.85679626464844,
      216.21849060058594,
      198.18409729003906,
      186.87765502929688,
      155.4911346435547,
      151.15708923339844,
      140.0732421875
    ],
    [
      1075.8353271484375,
      755.6906127929688,
      572.1748657226562,
      500.9259033203125,
      384.4574279785156,
      331.8819274902344,
      293.5871887207031,
      239.165283203125,
      216.76861572265625,
      193.09327697753906,
      169.43930053710938,
      150.14060974121094,
      130.28079223632812,
      128.43211364746094,
      113.58617401123047,
      107.64620971679688
    ],
    [
      627.0409545898438,
      428.5837097167969,
      244.45205688476562,
      235.83596801757812,
      180.99940490722656,
      164.38307189941406,
      147.37220764160156,
      129.76318359375,
      126.2171630859375,
      119.84557342529297,
      108.35399627685547,
      100.43927764892578,
      95.30890655517578,
      91.73759460449219,
      85.06751251220703,
      83.13272094726562
    ],
    [
      485.8350830078125,
      360.57366943359375,
      256.1452941894531,
      228.2875213623047,
      192.61761474609375,
      147.4998016357422,
      134.66224670410156,
      123.54275512695312,
      106.00567626953125,
      100.8730697631836,
      94.42329406738281,
      87.68114471435547,
      81.80078125,
      78.77863311767578,
      77.0599136352539,
      74.79261016845703
    ],
    [
      195.56808471679688,
      170.579345703125,
      144.14187622070312,
      129.4013214111328,
      114.8568344116211,
      101.06373596191406,
      99.12732696533203,
      87.03221893310547,
      81.2383804321289,
      71.92001342773438,
      66.62462615966797,
      62.785945892333984,
      58.2547607421875,
      56.479915618896484,
      56.009864807128906,
      51.124088287353516
    ],
    [
      436.336181640625,
      287.2292785644531,
      259.4366149902344,
      203.087158203125,
      180.8385009765625,
      167.66888427734375,
      160.4807586669922,
      149.5247344970703,
      132.15142822265625,
      128.43576049804688,
      112.71773529052734,
      110.50251770019531,
      107.39939880371094,
      92.68476104736328,
      87.11112976074219,
      84.47498321533203
    ],
    [
      402.50616455078125,
      316.8623962402344,
      147.82754516601562,
      130.0493621826172,
      113.95471954345703,
      111.52452087402344,
      97.76729583740234,
      85.57697296142578,
      80.96255493164062,
      79.71965789794922,
      74.5385971069336,
      68.65374755859375,
      66.91869354248047,
      65.45764923095703,
      59.18648147583008,
      55.86507034301758
    ],
    [
      654.3922729492188,
      296.6802062988281,
      226.16448974609375,
      165.0386962890625,
      115.82196044921875,
      110.88638305664062,
      93.29302215576172,
      80.5516128540039,
      71.509521484375,
      66.80796813964844,
      65.0022201538086,
      59.63811111450195,
      53.569541931152344,
      47.257057189941406,
      45.18757247924805,
      43.656776428222656
    ],
    [
      801.5648193359375,
      647.7062377929688,
