{
  "pairs": [
    {
      "pair": "smile+age",
      "a": "smile",
      "b": "age",
      "mixed_hessian_predictor": 0.0004630205258868752,
      "max_univariate_pixel_rho": 15.75194792705588,
      "sum_univariate_pixel_rho": 19.669828812708147,
      "saliency_cosine": 0.6234631235694559,
      "saliency_top20_iou": 0.31650941323439863,
      "mean_target_additivity_error": 5.503221569906708,
      "median_target_additivity_error": 0.7476972337245286,
      "mean_identity_drop_ab": 0.11803636932745576,
      "mean_lpips_nonadditivity": 0.11505399586167186,
      "mean_lpips_ab": 0.44330908241681755,
      "mean_abs_delta_a_self": 0.016882513693417422,
      "mean_abs_delta_b_self": 0.0346531523464364,
      "mean_abs_delta_ab_a": 0.018548868778452743,
      "mean_abs_delta_ab_b": 0.03929169263210497
    },
    {
      "pair": "smile+pose",
      "a": "smile",
      "b": "pose",
      "mixed_hessian_predictor": 0.00045699383885820674,
      "max_univariate_pixel_rho": 150.59065119549632,
      "sum_univariate_pixel_rho": 154.5085320811486,
      "saliency_cosine": 0.6186318781089897,
      "saliency_top20_iou": 0.2615406826357391,
      "mean_target_additivity_error": 3.12536571413174,
      "median_target_additivity_error": 0.9940559938842077,
      "mean_identity_drop_ab": 0.13163688173517585,
      "mean_lpips_nonadditivity": 0.13405212189536542,
      "mean_lpips_ab": 0.9686662922613323,
      "mean_abs_delta_a_self": 0.016882513693417422,
      "mean_abs_delta_b_self": 0.04336415092257084,
      "mean_abs_delta_ab_a": 0.03607730133080622,
      "mean_abs_delta_ab_b": 0.04482353641651571
    },
    {
      "pair": "smile+gender",
      "a": "smile",
      "b": "gender",
      "mixed_hessian_predictor": 0.0006097173802207388,
      "max_univariate_pixel_rho": 20.820180265698582,
      "sum_univariate_pixel_rho": 24.73806115135085,
      "saliency_cosine": 0.6898790469193709,
      "saliency_top20_iou": 0.3056127102314998,
      "mean_target_additivity_error": 3.565440602375289,
      "median_target_additivity_error": 0.9012061274909906,
      "mean_identity_drop_ab": 0.16557102277874947,
      "mean_lpips_nonadditivity": 0.09864472434855998,
      "mean_lpips_ab": 0.5017770656850189,
      "mean_abs_delta_a_self": 0.016882513693417422,
      "mean_abs_delta_b_self": 0.11260071329888888,
      "mean_abs_delta_ab_a": 0.03737569948862074,
      "mean_abs_delta_ab_b": 0.13072025263682008
    },
    {
      "pair": "smile+eyeglasses",
      "a": "smile",
      "b": "eyeglasses",
      "mixed_hessian_predictor": 0.0004611076229667469,
      "max_univariate_pixel_rho": 23.174428989645094,
      "sum_univariate_pixel_rho": 27.09230987529736,
      "saliency_cosine": 0.5566682978559319,
      "saliency_top20_iou": 0.3143517894690662,
      "mean_target_additivity_error": 2.588412436368473,
      "median_target_additivity_error": 0.6921307994883743,
      "mean_identity_drop_ab": 0.09842360904440284,
      "mean_lpips_nonadditivity": 0.10754598880885169,
      "mean_lpips_ab": 0.3762978002196178,
      "mean_abs_delta_a_self": 0.016882513693417422,
      "mean_abs_delta_b_self": 0.05164647223864449,
      "mean_abs_delta_ab_a": 0.0200654506443243,
      "mean_abs_delta_ab_b": 0.05146749649429694
    },
    {
      "pair": "age+pose",
      "a": "age",
      "b": "pose",
      "mixed_hessian_predictor": 0.0003975652515407973,
      "max_univariate_pixel_rho": 150.59065119549632,
      "sum_univariate_pixel_rho": 166.3425991225522,
      "saliency_cosine": 0.6261500012782732,
      "saliency_top20_iou": 0.31909714469020567,
      "mean_target_additivity_error": 3.192056767768123,
      "median_target_additivity_error": 0.45862645813626,
      "mean_identity_drop_ab": 0.15499830432236195,
      "mean_lpips_nonadditivity": 0.41510560689494014,
      "mean_lpips_ab": 0.9725706020835787,
      "mean_abs_delta_a_self": 0.0346531523464364,
      "mean_abs_delta_b_self": 0.04336415092257084,
      "mean_abs_delta_ab_a": 0.036808336575631984,
      "mean_abs_delta_ab_b": 0.0405129450300592
    },
    {
      "pair": "age+gender",
      "a": "age",
      "b": "gender",
      "mixed_hessian_predictor": 0.0007442211165956436,
      "max_univariate_pixel_rho": 20.820180265698582,
      "sum_univariate_pixel_rho": 36.57212819275446,
      "saliency_cosine": 0.7295837360576405,
      "saliency_top20_iou": 0.35727530135102337,
      "mean_target_additivity_error": 3.828681981748814,
      "median_target_additivity_error": 0.5508636959818303,
      "mean_identity_drop_ab": 0.20621599024161696,
      "mean_lpips_nonadditivity": 0.27848722331691533,
      "mean_lpips_ab": 0.6068923615384847,
      "mean_abs_delta_a_self": 0.0346531523464364,
      "mean_abs_delta_b_self": 0.11260071329888888,
      "mean_abs_delta_ab_a": 0.02861806071814499,
      "mean_abs_delta_ab_b": 0.1333238762745168
    },
    {
      "pair": "age+eyeglasses",
      "a": "age",
      "b": "eyeglasses",
      "mixed_hessian_predictor": 0.0023275115814411517,
      "max_univariate_pixel_rho": 23.174428989645094,
      "sum_univariate_pixel_rho": 38.926376916700974,
      "saliency_cosine": 0.8793134124752241,
      "saliency_top20_iou": 0.45550701151060663,
      "mean_target_additivity_error": 6.834554559768177,
      "median_target_additivity_error": 0.7270827230169039,
      "mean_identity_drop_ab": 0.14375072857365012,
      "mean_lpips_nonadditivity": 0.2329320998978801,
      "mean_lpips_ab": 0.5358694839524105,
      "mean_abs_delta_a_self": 0.0346531523464364,
      "mean_abs_delta_b_self": 0.05164647223864449,
      "mean_abs_delta_ab_a": 0.039729288895614445,
      "mean_abs_delta_ab_b": 0.07692830439191312
    },
    {
      "pair": "pose+gender",
      "a": "pose",
      "b": "gender",
      "mixed_hessian_predictor": 0.0005389980839811865,
      "max_univariate_pixel_rho": 150.59065119549632,
      "sum_univariate_pixel_rho": 171.4108314611949,
      "saliency_cosine": 0.7718793709607308,
      "saliency_top20_iou": 0.386772115905995,
      "mean_target_additivity_error": 1.2769296839872588,
      "median_target_additivity_error": 0.3301474939629937,
      "mean_identity_drop_ab": 0.1981778503395617,
      "mean_lpips_nonadditivity": 0.4495043825590983,
      "mean_lpips_ab": 0.98023053817451,
      "mean_abs_delta_a_self": 0.04336415092257084,
      "mean_abs_delta_b_self": 0.11260071329888888,
      "mean_abs_delta_ab_a": 0.04777611841564067,
      "mean_abs_delta_ab_b": 0.10395953364786692
    },
    {
      "pair": "pose+eyeglasses",
      "a": "pose",
      "b": "eyeglasses",
      "mixed_hessian_predictor": 0.00029541335752338,
      "max_univariate_pixel_rho": 150.59065119549632,
      "sum_univariate_pixel_rho": 173.76508018514141,
      "saliency_cosine": 0.4745655574472028,
      "saliency_top20_iou": 0.2662518604391391,
      "mean_target_additivity_error": 2.0020483119878367,
      "median_target_additivity_error": 0.39159069697309046,
      "mean_identity_drop_ab": 0.15575642557814717,
      "mean_lpips_nonadditivity": 0.3056243389728479,
      "mean_lpips_ab": 1.007532580755651,
      "mean_abs_delta_a_self": 0.04336415092257084,
      "mean_abs_delta_b_self": 0.05164647223864449,
      "mean_abs_delta_ab_a": 0.04543906900653383,
      "mean_abs_delta_ab_b": 0.0456088903156342
    },
    {
      "pair": "gender+eyeglasses",
      "a": "gender",
      "b": "eyeglasses",
      "mixed_hessian_predictor": 0.000688895845545478,
      "max_univariate_pixel_rho": 23.174428989645094,
      "sum_univariate_pixel_rho": 43.994609255343676,
      "saliency_cosine": 0.5619686401168837,
      "saliency_top20_iou": 0.2917961495461811,
      "mean_target_additivity_error": 2.0367457642113567,
      "median_target_additivity_error": 0.435320442534447,
      "mean_identity_drop_ab": 0.18817106634378433,
      "mean_lpips_nonadditivity": 0.23853979777777568,
      "mean_lpips_ab": 0.5723204978276044,
      "mean_abs_delta_a_self": 0.11260071329888888,