{
  "per_seed": [
    {
      "seed": 0,
      "sigma": [
        0.004750942345708609,
        0.0035603728611022234,
        0.0025933468714356422,
        0.0019057872705161572,
        0.0018320473609492183,
        0.0016107670962810516,
        0.0014613105449825525,
        0.0012990564573556185,
        0.0012690855655819178,
        0.0012066531926393509,
        0.0011693318374454975,
        0.0010526952100917697
      ],
      "rho_fd": {
        "0.1": [
          0.062227550461732554,
          0.047279551278919814,
          0.07688376885966695,
          0.0472500127547332,
          0.04077699362715552,
          0.04477345375880436,
          0.055953646694186246,
          0.05020880721683587,
          0.04333252352069709,
          0.06451410931958118,
          0.045438150136235915,
          0.04719738728887822
        ],
        "0.05": [
          0.11464965152899892,
          0.11244247836952875,
          0.09102057936721408,
          0.08741114076424954,
          0.08258845673146767,
          0.07972006171335978,
          0.08843890400593418,
          0.07899243625620002,
          0.09319983705113961,
          0.13388027582484088,
          0.09355863632931946,
          0.08161358678614195
        ],
        "0.01": [
          0.4127848191924953,
          0.5161164656144116,
          0.5275758749588677,
          0.517774941134487,
          0.4330260588984884,
          0.38895765698530843,
          0.47861707571775036,
          0.43318542055223447,
          0.42677286683159804,
          0.5335333239824026,
          0.5330839523360136,
          0.47973052178784
        ],
        "0.001": [
          6.111927181436834,
          6.24918026752387,
          4.348907284129632,
          4.679547778761902,
          4.910889688321554,
          4.410788321054846,
          4.596966292654286,
          4.518716453842647,
          4.089422136637421,
          4.3353127996189365,
          4.244060799218554,
          4.49724633081259
        ]
      },
      "rho_exact": [
        0.0048267274833568245,
        0.003868022746273389,
        0.0032947385638801238,
        0.004294640320490742,
        0.004718014845470334,
        0.0049957331246796985,
        0.005213161529052129,
        0.005333705391273661,
        0.00601867156596032,
        0.006497694800381602,
        0.005017986173487675,
        0.007648033673663098
      ],
      "spearman_fd": {
        "0.1": 0.2867132867132868,
        "0.05": 0.18181818181818185,
        "0.01": -0.25874125874125875,
        "0.001": 0.6923076923076924
      },
      "spearman_exact": -0.8531468531468532
    },
    {
      "seed": 1,
      "sigma": [
        0.004009575583040714,
        0.0016777648124843836,
        0.0015649350825697184,
        0.0011083546560257673,
        0.000979580800049007,
        0.0008616321138106287,
        0.0008298672619275749,
        0.0007370989769697189,
        0.0006101306644268334,
        0.0005911644548177719,
        0.000525082868989557,
        0.0005041331751272082
      ],
      "rho_fd": {
        "0.1": [
          0.038808553516781634,
          0.06446897296156626,
          0.041334898256991624,
          0.0432150683192502,
          0.04606254310211752,
          0.03677534143952054,
          0.04378255845529648,
          0.04679803114088384,
          0.04255630103905492,
          0.04231321686380662,
          0.06840824097008086,
          0.06404765394248055
        ],
        "0.05": [
          0.0766467846317695,
          0.08339368489717935,
          0.08278568785642969,
          0.07868693614821347,
          0.0753144012573537,
          0.10404115306921197,
          0.09608653967745051,
          0.10090474561438126,
          0.08554905965132215,
          0.07962885814694494,
          0.10330884581075439,
          0.09942116974605585
        ],
        "0.01": [
          0.7021507388768087,
          0.39843339815143775,
          0.3325035185617477,
          0.4494060365545103,
          0.4318263261039054,
          0.4054362835514497,
          0.3808791302884668,
          0.5142304268208159,
          0.41137073003519403,
          0.5261869594813697,
          0.454807412132714,
          0.50950126480478
        ],
        "0.001": [
          5.260893668921167,
          5.914600957796908,
          3.576195320423336,
          4.636833080201852,
          4.601620690602499,
          3.541772047897736,
          4.221737657811538,
          4.8694205979173475,
          4.022297893070272,
          6.0146773972605665,
          5.04210525638849,
          4.334740627473331
        ]
      },
      "rho_exact": [
        0.00465612829618889,
        0.004569647909593291,
        0.0033623850425048814,
        0.00522061788706207,
        0.006042283958648905,
        0.004561491197883846,
        0.010044932843561356,
        0.005851548443922846,
        0.007462873013123886,
        0.014304536810782136,
        0.012130591331070098,
        0.012896346032653659
      ],
      "spearman_fd": {
        "0.1": -0.37762237762237766,
        "0.05": -0.5524475524475525,
        "0.01": -0.2867132867132868,
        "0.001": 0.04895104895104895
      },
      "spearman_exact": -0.8251748251748254
    },
    {
      "seed": 2,
      "sigma": [
        0.0005234975833445787,
        0.00045321215293370187,
        0.0003225922700949013,
        0.0002757856564130634,
        0.00023641163716092706,
        0.00022691540652886033,
        0.0001974247716134414,
        0.00018464098684489727,
        0.00015608967805746943,
        0.0001468766131438315,
        0.00014204869512468576,
        0.0001322100724792108
      ],
      "rho_fd": {
        "0.1": [
          0.03178084753073729,
          0.04077842605505352,
          0.03820558567545636,
          0.037675625871614576,
          0.04173307578976893,
          0.05097379207698321,
          0.048489077311802034,
          0.03952937225361803,
          0.05448322861656377,
          0.05384697852008585,
          0.05374252297361193,
          0.055354581023423395
        ],
        "0.05": [
          0.05737539969134439,
          0.07522692814578037,
          0.08987632806125896,
          0.07704749512128319,
          0.07426849741251129,
          0.08435822772459318,
          0.0976276281350551,
          0.08287561402338478,
          0.13186973249965375,
          0.1250850568081981,
          0.09188828784832614,
          0.11100801073052623
        ],
        "0.01": [
          0.2894049026716975,
          0.3487596081418554,
          0.34633702097513624,
          0.3662181062111939,
          0.4165715266324872,
          0.3887003563998975,
          0.4442068100966064,
          0.3964720858686238,
          0.5552205124037257,
          0.6197774860786499,
          0.4880001152348783,
          0.5359550909650984
        ],
        "0.001": [
          2.8848558840967433,
          3.6305838117825338,
          3.451717730916778,
          3.757150055617778,
          3.9714638978894414,
          3.7426314563826546,
          4.4222883468177585,
          4.224844804962181,
          6.9060514762359215,
          4.873482504597372,
          6.444008793361126,
          5.636803226384723
        ]
      },
      "rho_exact": [
        0.0023761143072213668,
        0.0037978111936274213,
        0.00384733835171024,
        0.004296198267689802,
        0.00562313598267388,
        0.00476550283239013,
        0.006412933107831277,
        0.0061372605886582205,
        0.009270867974023914,
        0.008266082751274093,
        0.007886401293285912,
        0.00758587294117356
      ],
      "spearman_fd": {
        "0.1": -0.8531468531468532,
        "0.05": -0.7832167832167832,
        "0.01": -0.9020979020979022,
        "0.001": -0.9160839160839163
      },
      "spearman_exact": -0.9160839160839163
    },
    {
      "seed": 3,