{
  "per_lod": {
    "0": {
      "smile": {
        "mean": 1.2305399187885466,
        "median": 1.077291354434397,
        "std": 0.5639984879427882
      },
      "age": {
        "mean": 3.6513040532018954,
        "median": 3.5793987183375497,
        "std": 1.8101351715140972
      },
      "pose": {
        "mean": 23.541272708198527,
        "median": 19.185377049979643,
        "std": 13.613878007868864
      },
      "gender": {
        "mean": 5.106100816911786,
        "median": 5.388336018002962,
        "std": 2.245050678896189
      },
      "eyeglasses": {
        "mean": 6.7527828175652385,
        "median": 4.598713571564577,
        "std": 5.511678505512467
      }
    },
    "1": {
      "smile": {
        "mean": 1.17419777469737,
        "median": 1.0414650848585594,
        "std": 0.5614645657815566
      },
      "age": {
        "mean": 2.9923502861845575,
        "median": 2.9581943363872893,
        "std": 1.468459634929099
      },
      "pose": {
        "mean": 19.197157602295555,
        "median": 16.043391744298887,
        "std": 13.448387224581131
      },
      "gender": {
        "mean": 4.13995207776378,
        "median": 3.845969537772021,
        "std": 1.7156200852991668
      },
      "eyeglasses": {
        "mean": 5.762411016655671,
        "median": 3.4000914554679067,
        "std": 4.714823231432289
      }
    },
    "2": {
      "smile": {
        "mean": 1.0440341238315498,
        "median": 0.9549855700650747,
        "std": 0.48659949610574316
      },
      "age": {
        "mean": 2.5049333831465326,
        "median": 2.4233497847568306,
        "std": 1.2119599702273525
      },
      "pose": {
        "mean": 16.05022943357485,
        "median": 13.485044822657677,
        "std": 10.900431457085338
      },
      "gender": {
        "mean": 3.5403744353045674,
        "median": 3.40742439333061,
        "std": 1.4922980461095714
      },
      "eyeglasses": {
        "mean": 4.765348947872051,
        "median": 2.9473363043253586,
        "std": 3.7636564738118543
      }
    }
  },
  "rank_stability": {
    "lod0_vs_lod1": {
      "r": 0.9999999999999999,
      "p": 1.4042654220543602e-24
    },
    "lod0_vs_lod2": {
      "r": 0.9999999999999999,
      "p": 1.4042654220543602e-24
    },
    "lod1_vs_lod2": {
      "r": 0.9999999999999999,
      "p": 1.4042654220543602e-24
    }
  },
  "config": {
    "lods": [
      0,
      1,
      2
    ],
    "num_samples": 32,
    "out": "experiments/out/ffhq_resolution",
    "seed": 2027
  },
  "_meta": {
    "seed": 2027,
    "deterministic_set": false,
    "timestamp_utc": "2026-05-21T11:21:38.306823+00:00",
    "python": "3.12.9",
    "torch": "2.2.2+cu121",
    "numpy": "1.26.4",
    "cuda": "12.1",
    "cudnn_version": 8902,
    "gpu_name": "NVIDIA GeForce RTX 3070",
    "git_commit": "1051367f5aabbde5a9610cc5c997d7dc6a04ffb2",
    "git_dirty": true,
    "track": "ffhq_resolution",
    "injected_by": "lib/inject_meta.py"
  }
}