{
  "per_threshold": {
    "0.1": {
      "scores": {
        "indoor_lighting": 0.04309355935196271,
        "wood": 0.028243313151631283,
        "view": 0.1004087665251667,
        "carpet": 0.05065625886000727,
        "cluttered_space": 0.05130255966018982,
        "glossy": 0.0614763245484667,
        "dirt": 0.061601198326703105,
        "scary": 0.061659212964056326
      },
      "mean": 0.05730514917352299,
      "fraction_positive": 1.0
    },
    "0.2": {
      "scores": {
        "indoor_lighting": 0.05017279894942828,
        "wood": 0.0271205239340499,
        "view": 0.12520865037254794,
        "carpet": 0.05826052393636616,
        "cluttered_space": 0.055804561720303625,
        "glossy": 0.07668691563018867,
        "dirt": 0.07210498125073275,
        "scary": 0.07255371216456108
      },
      "mean": 0.06723908349477231,
      "fraction_positive": 1.0
    },
    "0.3": {
      "scores": {
        "indoor_lighting": 0.05506055231197171,
        "wood": 0.0276478207708179,
        "view": 0.13422614230740287,
        "carpet": 0.058813580945341615,
        "cluttered_space": 0.06542747435813528,
        "glossy": 0.08655180861676925,
        "dirt": 0.07954561586009351,
        "scary": 0.07937527143285172
      },
      "mean": 0.07333103332542298,
      "fraction_positive": 1.0
    },
    "0.5": {
      "scores": {
        "indoor_lighting": 0.06605484442756876,
        "wood": 0.04313006295010863,
        "view": 0.12386603892650044,
        "carpet": 0.056929910543355444,
        "cluttered_space": 0.08621523196357805,
        "glossy": 0.10093476486461522,
        "dirt": 0.0891455001988114,
        "scary": 0.08733186193342662
      },
      "mean": 0.08170102697599557,
      "fraction_positive": 1.0
    }
  },
  "thresholds": [
    0.1,
    0.2,
    0.3,
    0.5
  ],
  "num_samples": 8
}