{
  "attrs": [
    "carpet",
    "cluttered_space",
    "dirt",
    "glossy",
    "indoor_lighting",
    "scary",
    "view",
    "wood"
  ],
  "intensities_per_layer": {
    "carpet": [
      0.25479575991630554,
      0.1917017102241516,
      0.16909965872764587,
      0.11725488305091858,
      0.09137760102748871,
      0.10437517613172531,
      0.05363725870847702,
      0.05437329411506653,
      0.01913614571094513,
      0.011908662505447865,
      0.007595241069793701,
      0.009225265122950077,
      0.006816821172833443,
      0.02146095037460327
    ],
    "cluttered_space": [
      0.14335370063781738,
      0.11072326451539993,
      0.10184614360332489,
      0.08258554339408875,
      0.06420467793941498,
      0.07142489403486252,
      0.053074415773153305,
      0.07199627161026001,
      0.02456551231443882,
      0.01797346957027912,
      0.008090468123555183,
      0.008821297436952591,
      0.003906352445483208,
      0.011633509770035744
    ],
    "dirt": [
      0.17070959508419037,
      0.08303064852952957,
      0.06587617844343185,
      0.05503731966018677,
      0.04931549355387688,
      0.05461787432432175,
      0.037633076310157776,
      0.05248984694480896,
      0.022259358316659927,
      0.028905972838401794,
      0.011337757110595703,
      0.013790981844067574,
      0.0044532036408782005,
      0.02071659453213215
    ],
    "glossy": [
      0.6170713901519775,
      0.17639130353927612,
      0.143609881401062,
      0.1058746725320816,
      0.06203343719244003,
      0.06465274095535278,
      0.04166450351476669,
      0.06062788888812065,
      0.02535954676568508,
      0.026812518015503883,
      0.009310871362686157,
      0.010604878887534142,
      0.00493261031806469,
      0.016256941482424736
    ],
    "indoor_lighting": [
      0.5189472436904907,
      0.16948305070400238,
      0.17328877747058868,
      0.1198425143957138,
      0.0568644218146801,
      0.08321079611778259,
      0.04248259961605072,
      0.032097212970256805,
      0.015495129860937595,
      0.011503581888973713,
      0.006239007227122784,
      0.007629320956766605,
      0.007959972135722637,
      0.06675966084003448
    ],
    "scary": [
      0.39269763231277466,
      0.17114487290382385,
      0.09849075227975845,
      0.08068712800741196,
      0.04740876331925392,
      0.04922813922166824,
      0.04102765768766403,
      0.035917408764362335,
      0.0162622332572937,
      0.012448310852050781,
      0.007178490981459618,
      0.006726634688675404,
      0.0064341360703110695,
      0.050758711993694305
    ],
    "view": [
      0.5373601317405701,
      0.03416522219777107,
      0.03609862178564072,
      0.02658662386238575,
      0.018889304250478745,
      0.0233209989964962,
      0.020066052675247192,
      0.021062344312667847,
      0.01171931903809309,
      0.009603511542081833,
      0.005611895117908716,
      0.0038458495400846004,
      0.00322230183519423,
      0.009282211773097515
    ],
    "wood": [
      0.5006384253501892,
      0.1454368531703949,
      0.1384446620941162,
      0.10035807639360428,
      0.06476224958896637,
      0.07369344681501389,
      0.04680176079273224,
      0.045711055397987366,
      0.016782572492957115,
      0.015108384191989899,
      0.00644731055945158,
      0.008427398279309273,
      0.005210074130445719,
      0.021111462265253067
    ]
  },
  "peak_layer_per_attr": {
    "carpet": 0,
    "cluttered_space": 0,
    "dirt": 0,
    "glossy": 0,
    "indoor_lighting": 0,
    "scary": 0,
    "view": 0,
    "wood": 0
  },
  "canonical_layers_per_attr": {
    "carpet": [
      6,
      7,
      8,
      9,
      10,
      11
    ],
    "cluttered_space": [
      6,
      7,
      8,
      9,
      10,
      11
    ],
    "dirt": [
      6,
      7,
      8,
      9,
      10,
      11
    ],
    "glossy": [
      6,
      7,
      8,
      9,
      10,
      11
    ],
    "indoor_lighting": [
      6,
      7,
      8,
      9,
      10,
      11
    ],
    "scary": [
      6,
      7,
      8,
      9,
      10,
      11
    ],
    "view": [
      0,
      1,
      2,
      3,
      4
    ],
    "wood": [
      6,
      7,
      8,
      9,
      10,
      11
    ]
  },
  "num_attrs": 8,
  "num_layers": 14,
  "_meta": {
    "seed": 2027,
    "deterministic_set": false,
    "timestamp_utc": "2026-05-21T11:39:45.023180+00:00",
    "python": "3.12.9",
    "torch": "2.2.2+cu121",
    "numpy": "1.26.4",
    "cuda": "12.1",
    "cudnn_version": 8902,
    "gpu_name": "NVIDIA GeForce RTX 3070",
    "git_commit": "1051367f5aabbde5a9610cc5c997d7dc6a04ffb2",
    "git_dirty": true
  }
}