{
  "domain": "church",
  "n_max": 128,
  "Ns": [
    8,
    16,
    32,
    64,
    128
  ],
  "attrs": [
    "clouds",
    "sunny",
    "vegetation"
  ],
  "per_attr_ratios": {
    "clouds": [
      0.038083528885698804,
      0.031099378144924087,
      0.03776563708381869,
      0.03925566343531759,
      0.04071776925880347,
      0.05075080401894578,
      0.022364570732251714,
      0.055616441713597455,
      0.05060554228858277,
      0.02593349689762443,
      0.034740151907374776,
      0.03328058454921282,
      0.050151621822844536,
      0.03512240008066953,
      0.052395288460750485,
      0.04398633777007757,
      0.031114824332903853,
      0.024332120627104544,
      0.03391021675183015,
      0.025690981747751702,
      0.0336533475040514,
      0.034411884838731505,
      0.03879233675906856,
      0.03593996773835994,
      0.03402639134214847,
      0.05377934320354771,
      0.0334669180599876,
      0.042150970373185596,
      0.05035500852826062,
      0.04165984544431769,
      0.038499638189049445,
      0.032752090771193614,
      0.024376375554550835,
      0.041507395901471685,
      0.030977934850819646,
      0.03523748152858891,
      0.05271806201208054,
      0.040268929784030044,
      0.024054215990091554,
      0.03755580631562416,
      0.035697667024790894,
      0.0314543687422358,
      0.03314101212067383,
      0.03188992230724041,
      0.037423803777783045,
      0.030130786020203335,
      0.03772872785506727,
      0.028024226950993766,
      0.025134912719837626,
      0.03946712268850388,
      0.026015829791395714,
      0.04623460068995449,
      0.03725505857756283,
      0.037639314892320495,
      0.04717890055093455,
      0.02838030936409759,
      0.047169922760306036,
      0.03454495111766078,
      0.03168035416434241,
      0.0243505241025024,
      0.026140104325178742,
      0.026542830526299153,
      0.03349748181722219,
      0.03468077971692997,
      0.0246344046669548,
      0.032173594432166254,
      0.020340443922751115,
      0.03903942386619259,
      0.03363072414849517,
      0.03209205726115069,
      0.02533246149943501,
      0.030892960925715106,
      0.03455301440025683,
      0.03840955300229073,
      0.054223334861863266,
      0.03301583616522728,
      0.04858611076757223,
      0.037988209680769054,
      0.03686273984744339,
      0.04172360911804971,
      0.037959558376865134,
      0.03985974080387532,
      0.045931119352448126,
      0.0338278531132488,
      0.02868894644348463,
      0.02865401381387574,
      0.040493730233015564,
      0.04470867440888618,
      0.02354716784191912,
      0.0333000564861845,
      0.03897652991855629,
      0.03933719761572754,
      0.026425790029832273,
      0.036425706933676485,
      0.03584300912283719,
      0.05979551351001696,
      0.0393413570113651,
      0.02517432804412802,
      0.013755881691648942,
      0.04185456493590904,
      0.041636305423070126,
      0.029055237081252766,
      0.022542634725432924,
      0.03818474255208063,
      0.04502435286290604,
      0.04086457476410509,
      0.032437061154517326,
      0.031203303722547336,
      0.032621631674840765,
      0.034111183357341646,
      0.033623669841717406,
      0.03894873111083939,
      0.037628937358135,
      0.032179288004574376,
      0.03193649183645613,
      0.0411656802992909,
      0.04235151998919931,
      0.03426489592880982,
      0.04424852280701237,
      0.0331180428962293,
      0.02753976338611379,
      0.04528641718861403,
      0.06280415909654541,
      0.032715158307378596,
      0.023545001948040448,
      0.02893465825461565,
      0.024090748717113728,
      0.02965793610031663
    ],
    "sunny": [
      0.03608500015783145,
      0.033308543156202054,
      0.036925355768859205,
      0.035554994210776576,
      0.0411087163917509,
      0.04196515057441551,
      0.031191097382817445,
      0.0413913756733265,
      0.0597968608302173,
      0.035271545622220256,
      0.040732039029783375,
      0.040139278261389306,
      0.058073580502172956,
      0.04636228958542215,
      0.06404198307017807,
      0.05568965054103251,
      0.03072656985369506,
      0.03120211625918123,
      0.043769211751691864,
      0.039480005049339885,
      0.030048968089601818,
      0.02790817236216277,
      0.04028116245301912,
      0.04081316844324837,
      0.034334235211309974,
      0.04897935297949285,
      0.04765168603411626,
      0.045849167392446696,
      0.04848262354929898,
      0.04941164530837377,
      0.04278386280903703,
      0.0393951381573808,
      0.029503285912724032,
      0.04417329795757467,
      0.04017092541275658,
      0.037452477357690535,
      0.04938375330361054,
      0.04011156609869969,
      0.03312785033571766,
      0.032871704354349156,
      0.036750817467253095,
      0.04081123620113061,
      0.036502551117877514,
      0.03190406511080513,
      0.03258800698564893,
      0.033031739375316324,
      0.038817843278245355,
      0.029897334947867428,
      0.028702351859419696,
      0.043736275665655924,
      0.03320590510186679,
      0.058499981087737,
      0.04894568979114247,
      0.035734330099647445,
      0.03566450918986432,
      0.04042239439008459,
      0.054220954899648434,
      0.0360216980525258,
      0.03140504454680801,
      0.027530745305611237,
      0.026504860749086596,
      0.04051357693520622,
      0.04066553945607782,
      0.034476392255153414,
      0.033311649991535,
      0.04807710893944738,
      0.022485945627576016,
      0.03777140890190876,
      0.04403317563672127,
      0.031659358592055174,
      0.025898249594413662,
      0.040292712042109255,
      0.04217611140398731,
      0.04020357145312193,
      0.050036384624257045,
      0.03477887219514935,
      0.04813935491256862,
      0.03460883192558813,
      0.03573830135530574,
      0.04169787774550477,
      0.038204497530737964,
      0.03949737860779507,
      0.052838854057465565,
      0.03281130314990654,
      0.03175790679183845,
      0.0372702474722685,
      0.04361795308708723,
      0.05011100174988015,
      0.02969426633650386,
      0.03920216381385014,
      0.040755188751933194,
      0.041929956149425913,
      0.03426707352478576,
      0.03792053912678579,
      0.044457161526824635,
      0.04862956214335794,
      0.04094239520389744,
      0.030284414180130604,
      0.018908264773014105,
      0.04110840128852518,
      0.04080010648339796,
      0.029853487706398563,
      0.020778604579750636,
      0.04859578013654562,
      0.03577583467933822,
      0.0429439116014852,
      0.035965328922902544,
      0.03324026638040891,
      0.031828080637855506,
      0.034181850275950096,
      0.03501438024562159,
      0.04915619020175407,
      0.04909446201295336,
      0.03831269119651012,
      0.031412891834917335,
      0.03778610139351733,
      0.040490553407313105,
      0.045711249092268876,
      0.0411158920381575,
      0.03957959568589818,
      0.04279421756038668,
      0.04629754849987816,
      0.051619180015689915,
      0.034335511537145966,
      0.02299814767072203,
      0.041541206661757764,
      0.02700789203334167,
      0.03711346131466635
    ],