{
  "domain": "church",
  "n_max": 128,
  "Ns": [
    8,
    16,
    32,
    64,
    128
  ],
  "attrs": [
    "clouds",
    "sunny",
    "vegetation"
  ],
  "per_attr_ratios": {
    "clouds": [
      0.03807996772749406,
      0.03110677368589018,
      0.037756508905965866,
      0.039264645127881595,
      0.04072386963921826,
      0.05073790575472422,
      0.02236531405321168,
      0.05560313054137098,
      0.05060602458263073,
      0.025931421251666885,
      0.034725600244509026,
      0.03328146921090277,
      0.05015644838872451,
      0.035126620959336566,
      0.05239554106852286,
      0.04398513314237483,
      0.031111482889059332,
      0.02433383624108739,
      0.0339049684709418,
      0.0256905508940958,
      0.03365222609930551,
      0.03442051124582488,
      0.03879894523514011,
      0.03593969715355604,
      0.03402544128884365,
      0.053784492819779414,
      0.03346897381210982,
      0.04216024332840734,
      0.05035470132098259,
      0.04165809619145452,
      0.038496479636134964,
      0.032742276615294955,
      0.024380264639557333,
      0.04151718656688947,
      0.03098357071574024,
      0.03523665594270606,
      0.05272094428555501,
      0.04027215315157841,
      0.02405570734725178,
      0.03755694618424228,
      0.03571273509391995,
      0.03145219784592175,
      0.033144315883861686,
      0.0318883864907481,
      0.037419526551630326,
      0.030135564423694028,
      0.037717145647928586,
      0.028024893944177006,
      0.025135963108696775,
      0.03945329776889228,
      0.026013929180974442,
      0.046225378703271,
      0.037255846233175134,
      0.03764251225942655,
      0.047181235405651445,
      0.028375125660676254,
      0.04717022045818931,
      0.03453840497429602,
      0.03168010112382331,
      0.02435455586061018,
      0.02613979631875935,
      0.02654573324711139,
      0.033496506699908786,
      0.03468542683048921,
      0.024634747278895697,
      0.032167624811396484,
      0.020343959742106447,
      0.03903106733316162,
      0.033628096225225,
      0.03208856534683368,
      0.025332552086196634,
      0.03089479776321643,
      0.034552553208706094,
      0.0384030223122156,
      0.054215467501028576,
      0.03301808519430751,
      0.04859098335720332,
      0.03799022575977864,
      0.0368614799199646,
      0.0417351627325971,
      0.03795020746875208,
      0.03986591926400755,
      0.04593260756610939,
      0.033837694437983026,
      0.028688757704597372,
      0.028655494126947408,
      0.040498900357258234,
      0.044707061095992824,
      0.02354234457472162,
      0.033301245195618424,
      0.03896678604036907,
      0.03934157754669072,
      0.026430552982279688,
      0.03641545456015098,
      0.03584798409005753,
      0.059804534130408774,
      0.039336936315531756,
      0.025171288058607293,
      0.013748762951120597,
      0.041861615660882055,
      0.041634711382063226,
      0.029059673842942606,
      0.022539801867580738,
      0.038187026154787744,
      0.04503297263911123,
      0.040864202875326376,
      0.03243796866212001,
      0.03119775683681072,
      0.03263243335454901,
      0.03410895481061773,
      0.03361172935791056,
      0.03894847108461723,
      0.03762578961737646,
      0.03217840239036753,
      0.03193555138536378,
      0.04116647133195216,
      0.04234283302478784,
      0.03426046393654101,
      0.044237727408108246,
      0.03311623126341395,
      0.027540037543683945,
      0.04529312798281789,
      0.06280356964762429,
      0.03272482243033219,
      0.023546525251704822,
      0.02893678461289818,
      0.02408891285549905,
      0.02965014710132995
    ],
    "sunny": [
      0.03608384274979833,
      0.03331525934459505,
      0.03692504233990394,
      0.03556054363706478,
      0.04111018200907711,
      0.04196554563237299,
      0.03119638749488544,
      0.041390227228705105,
      0.059796128535581215,
      0.03526808467854327,
      0.04073694341497224,
      0.0401326978518813,
      0.05807594673348753,
      0.04636177343087663,
      0.06404164152448824,
      0.05568840166912835,
      0.030730493627708022,
      0.03120482575733854,
      0.04376619031875048,
      0.039481825329650125,
      0.030049024641736075,
      0.027914116605582108,
      0.04028988495747487,
      0.04081568055984488,
      0.03433710755619011,
      0.048985525758876734,
      0.047650755380724635,
      0.045853447263528885,
      0.04847971503202516,
      0.04940844886370386,
      0.042795213521479546,
      0.03939206631964709,
      0.02950062381144772,
      0.044175041888328534,
      0.040168484610120174,
      0.03745417359275963,
      0.04938208147459968,
      0.040107284019921224,
      0.033131911496273286,
      0.032870616597450386,
      0.03675414435642226,
      0.040810836118555904,
      0.03650156985252922,
      0.03191796174282872,
      0.032583862278237105,
      0.033030958570702075,
      0.03882086783433234,
      0.0298992208083867,
      0.028700132179155676,
      0.04373228285134072,
      0.033200349963635946,
      0.05850597387411742,
      0.04894349807665807,
      0.03573795246658775,
      0.03566933532871045,
      0.04041502093917002,
      0.05421913001856286,
      0.036019272441682335,
      0.03140352355858869,
      0.027534963400317376,
      0.026499162449276612,
      0.040519948443803175,
      0.04066441339286143,
      0.03447718557692318,
      0.03331270437401813,
      0.0480920059663162,
      0.02248542308067335,
      0.03777154530021248,
      0.04402092134939616,
      0.03166093909604635,
      0.025899531251330772,
      0.040297364263156325,
      0.042174699448376485,
      0.04020680853273915,
      0.05002194852829624,
      0.034778422349325544,
      0.04813285213343365,
      0.0346134347784551,
      0.035736567243073274,
      0.04170591218492473,
      0.038197934401277764,
      0.03949293480076869,
      0.05283311168198789,
      0.03280716550413793,
      0.03175235638498274,
      0.037269896925603355,
      0.04361250678147754,
      0.050110143143597595,
      0.029687558983172994,
      0.03920138789329937,
      0.040758212311024146,
      0.04192619319809005,
      0.03427491272127597,
      0.03791530607994001,
      0.04445634596171632,
      0.04862706049223684,
      0.04093831955686929,
      0.03028396795427106,
      0.01891436700425018,
      0.04110736249736956,
      0.040800240324283164,
      0.029856036446845577,
      0.020781590468449167,
      0.048598172034146646,
      0.03578111997920907,
      0.04294140526059109,
      0.03596877283089044,
      0.033238661104808206,
      0.03182274631400977,
      0.034178643268782415,
      0.03501212403823735,
      0.049154767513266646,
      0.049089094679835805,
      0.03831760770174962,
      0.031414373631999636,
      0.03778302065036529,
      0.04049147432677342,
      0.045715631395778104,
      0.04111277492181819,
      0.039564217338942116,
      0.04279028918005647,
      0.04630378726192491,
      0.05162235965565549,
      0.03432355346619023,
      0.022993697496650378,
      0.04153335243563847,
      0.027008344194923824,
      0.03710671546827148
    ],