{
  "per_seed": [
    {
      "seed": 0,
      "sigma": [
        0.004750942345708609,
        0.0035603728611022234,
        0.0025933468714356422,
        0.0019057872705161572,
        0.0018320473609492183,
        0.0016107670962810516,
        0.0014613105449825525,
        0.0012990564573556185,
        0.0012690855655819178,
        0.0012066531926393509,
        0.0011693318374454975,
        0.0010526952100917697
      ],
      "rho_fd": {
        "0.1": [
          0.06227666001552336,
          0.04718759954953136,
          0.07685665211392882,
          0.04725024772854109,
          0.040776997469841224,
          0.04482497534484912,
          0.056016837528672904,
          0.05022319157944734,
          0.04329785146819129,
          0.06448848236545562,
          0.045423185483055815,
          0.04721291629646112
        ],
        "0.05": [
          0.11471553336964037,
          0.11219809851982465,
          0.0910847908139131,
          0.08738579967509803,
          0.082609898500573,
          0.07981448344767295,
          0.0884829430889045,
          0.07903971896516801,
          0.0931572092059682,
          0.13376713344621316,
          0.09361598792098905,
          0.08154332144007494
        ],
        "0.01": [
          0.41205938587664187,
          0.5161596401834379,
          0.5273900054988164,
          0.5180377228866176,
          0.43282206516329746,
          0.38953028169317366,
          0.4792397170631544,
          0.4332441189728965,
          0.42670780088203464,
          0.5338645913225207,
          0.5332304026935184,
          0.4801401127499568
        ],
        "0.001": [
          6.126572796153288,
          6.228998195832218,
          4.347080720443603,
          4.682638557612081,
          4.906564494076145,
          4.415787909716928,
          4.598475711273077,
          4.524263623252921,
          4.088731658153023,
          4.337729547476091,
          4.245636158666258,
          4.499976192736139
        ]
      },
      "rho_exact": [
        0.0048267274833568245,
        0.003868022746273389,
        0.0032947385638801238,
        0.004294640320490742,
        0.004718014845470334,
        0.0049957331246796985,
        0.005213161529052129,
        0.005333705391273661,
        0.00601867156596032,
        0.006497694800381602,
        0.005017986173487675,
        0.007648033673663098
      ],
      "spearman_fd": {
        "0.1": 0.2027972027972028,
        "0.05": 0.18181818181818185,
        "0.01": -0.25874125874125875,
        "0.001": 0.6923076923076924
      },
      "spearman_exact": -0.8531468531468532
    },
    {
      "seed": 1,
      "sigma": [
        0.004009575583040714,
        0.0016777648124843836,
        0.0015649350825697184,
        0.0011083546560257673,
        0.000979580800049007,
        0.0008616321138106287,
        0.0008298672619275749,
        0.0007370989769697189,
        0.0006101306644268334,
        0.0005911644548177719,
        0.000525082868989557,
        0.0005041331751272082
      ],
      "rho_fd": {
        "0.1": [
          0.03853063513140169,
          0.06448654990121874,
          0.0413297174201975,
          0.043249417404847494,
          0.04607625431940148,
          0.03677975738056489,
          0.04373690225418307,
          0.04682094845434054,
          0.042553092334615954,
          0.042338869869566684,
          0.06841954167060371,
          0.0640201868527318
        ],
        "0.05": [
          0.07649850863364761,
          0.08348231894425648,
          0.08284771787155776,
          0.07866341370533507,
          0.07525996638987521,
          0.10400719841688352,
          0.09603058380557117,
          0.10086798590181247,
          0.08547728499447722,
          0.07957905831308065,
          0.10326958380497475,
          0.09944476197339654
        ],
        "0.01": [
          0.7015667057767961,
          0.3976389747021537,
          0.33258546091393715,
          0.4492612434387463,
          0.431336911269345,
          0.40565390005209095,
          0.38068309940867523,
          0.514136075321138,
          0.4116071055948317,
          0.5258768216569127,
          0.4538655955344637,
          0.509597316093213
        ],
        "0.001": [
          5.264732415253072,
          5.908652113120229,
          3.5765159748185598,
          4.6367645442023315,
          4.596348466261321,
          3.5430688688340934,
          4.214770440966937,
          4.87079006028264,
          4.02017439159092,
          6.01543381956376,
          5.039664801955601,
          4.336118211795458
        ]
      },
      "rho_exact": [
        0.00465612829618889,
        0.004569647909593291,
        0.0033623850425048814,
        0.00522061788706207,
        0.006042283958648905,
        0.004561491197883846,
        0.010044932843561356,
        0.005851548443922846,
        0.007462873013123886,
        0.014304536810782136,
        0.012130591331070098,
        0.012896346032653659
      ],
      "spearman_fd": {
        "0.1": -0.37762237762237766,
        "0.05": -0.5524475524475525,
        "0.01": -0.2867132867132868,
        "0.001": 0.04895104895104895
      },
      "spearman_exact": -0.8251748251748254
    },
    {
      "seed": 2,
      "sigma": [
        0.0005234975833445787,
        0.00045321215293370187,
        0.0003225922700949013,
        0.0002757856564130634,
        0.00023641163716092706,
        0.00022691540652886033,
        0.0001974247716134414,
        0.00018464098684489727,
        0.00015608967805746943,
        0.0001468766131438315,
        0.00014204869512468576,
        0.0001322100724792108
      ],
      "rho_fd": {
        "0.1": [
          0.03176559518187609,
          0.040744562427173295,
          0.038177083311730926,
          0.037639678586459446,
          0.0418020513320993,
          0.05091836961271463,
          0.04840429788054349,
          0.039482971815893046,
          0.054484453680086295,
          0.053897768565661454,
          0.05375773826375866,
          0.055327884460286324
        ],
        "0.05": [
          0.057389779106905986,
          0.07521587632838302,
          0.08983382531514279,
          0.07698903137225929,
          0.07435521799995062,
          0.08433097204335181,
          0.09747967847721019,
          0.08280623142190055,
          0.13179916642892955,
          0.12511417866657443,
          0.09196321549229287,
          0.11086577691145065
        ],
        "0.01": [
          0.2894950518418256,
          0.34882740050353517,
          0.3463325199768671,
          0.36573182707528995,
          0.41728184479741304,
          0.3883685621311367,
          0.4438233272851252,
          0.39612820079220024,
          0.5553855814825006,
          0.6197436031850682,
          0.48798594686773317,
          0.5354616669061197
        ],
        "0.001": [
          2.8892986081090606,
          3.626571425995336,
          3.4511670206695957,
          3.752065100364168,
          3.9749984474803166,
          3.7410155312930025,
          4.41972003177453,
          4.218308782452074,
          6.90473366408335,
          4.8710333925199,
          6.446021247731849,
          5.631237141638042
        ]
      },
      "rho_exact": [
        0.0023761143072213668,
        0.0037978111936274213,
        0.00384733835171024,
        0.004296198267689802,
        0.00562313598267388,
        0.00476550283239013,
        0.006412933107831277,
        0.0061372605886582205,
        0.009270867974023914,
        0.008266082751274093,
        0.007886401293285912,
        0.00758587294117356
      ],
      "spearman_fd": {
        "0.1": -0.8531468531468532,
        "0.05": -0.7832167832167832,
        "0.01": -0.9020979020979022,
        "0.001": -0.9160839160839163
      },
      "spearman_exact": -0.9160839160839163
    },
    {
      "seed": 3,