{
  "per_attr": [
    {
      "attr": "view",
      "ratios": [
        6.5705930682598925,
        5.546250396773355,
        4.813275834932501,
        8.843278627084372,
        7.37530545899321,
        5.546104549079195,
        6.3511109889503405,
        5.27702091148692,
        7.524061118758978,
        3.8260926378641202,
        5.563615048954692,
        7.029660337291292,
        4.665902417563513,
        7.556603966992978,
        6.439330277008137,
        7.2706338126711705
      ],
      "mean_ratio": 6.262427465791542,
      "median_ratio": 6.395220632979239,
      "std_ratio": 1.2741469504510596
    },
    {
      "attr": "indoor_lighting",
      "ratios": [
        2.6131569382292827,
        2.6798156308885477,
        2.9478526682876836,
        3.4542544111830606,
        3.030755142811492,
        2.517986581320952,
        2.365219120615216,
        2.1477819547661703,
        2.9696053635166355,
        3.0527071778078763,
        2.5438115242530417,
        2.897572619378879,
        2.5949181651220288,
        2.6193560668704365,
        2.434483688566778,
        2.446357885939401
      ],
      "mean_ratio": 2.7072271837223427,
      "median_ratio": 2.6162565025498594,
      "std_ratio": 0.31720389575746033
    },
    {
      "attr": "wood",
      "ratios": [
        2.6207815050574275,
        2.833209583740535,
        3.407100601345908,
        4.271567766365429,
        2.9600316885061826,
        2.9232692916366383,
        3.3383324853276886,
        2.6946266920691433,
        2.888148474295576,
        3.5168006935485954,
        2.6087092832849277,
        3.1790870956046025,
        3.031762043050964,
        3.429486492479109,
        2.4862947879897943,
        2.7774902567466815
      ],
      "mean_ratio": 3.060418671315575,
      "median_ratio": 2.94165049007141,
      "std_ratio": 0.43836961962338317
    },
    {
      "attr": "glossy",
      "ratios": [
        2.4106171038067634,
        2.751795041097128,
        3.5232163854195333,
        3.8990999283644037,
        2.5897601836386035,
        2.9223607551169986,
        2.762245658215779,
        2.1390433338471104,
        2.8998207411279435,
        3.14006413787968,
        2.36717098134277,
        2.6563748752240386,
        2.449554876392804,
        2.9298036863946897,
        2.8654680200234917,
        2.7019005473444744
      ],
      "mean_ratio": 2.8130185159522636,
      "median_ratio": 2.7570203496564534,
      "std_ratio": 0.4232982815122569
    },
    {
      "attr": "carpet",
      "ratios": [
        3.0774268910672054,
        3.1129258819423145,
        2.798164711217001,
        4.254211332567741,
        3.138973747176721,
        3.0160352021317625,
        2.891901428688876,
        2.882649102671694,
        2.8666163885588873,
        4.122772140023172,
        2.914457165308941,
        2.905304269950412,
        3.439880026338204,
        3.5528793197139037,
        3.017217056539754,
        3.2868106000292574
      ],
      "mean_ratio": 3.2048890789953655,
      "median_ratio": 3.04732197380348,
      "std_ratio": 0.4244338574218374
    },
    {
      "attr": "dirt",
      "ratios": [
        2.326546304735177,
        2.6703695189577585,
        3.0956999731300874,
        3.608485180165312,
        2.739652702442135,
        2.7039761615235274,
        3.1827641109460627,
        2.460088701849759,
        2.631434457598638,
        3.308174620196384,
        2.5273102449699545,
        2.965420333611857,
        2.7130315110894627,
        2.876998210483908,
        3.3506520946403997,
        2.347970491476956
      ],
      "mean_ratio": 2.8442859136135863,
      "median_ratio": 2.7263421067657987,
      "std_ratio": 0.36529096305125
    },
    {
      "attr": "scary",
      "ratios": [
        2.3748348534535637,
        2.5157949282091696,
        3.0431276351092373,
        3.967786115597921,
        2.473198617573307,
        2.682668822866727,
        2.3509110656090058,
        2.5994558064166884,
        2.953649194943902,
        3.1171854700718993,
        2.3770222146884943,
        3.239406963101156,
        2.5865499397532963,
        2.7826552122130757,
        2.7404331792708048,
        2.5531234855874665
      ],
      "mean_ratio": 2.772362719029107,
      "median_ratio": 2.6410623146417076,
      "std_ratio": 0.40629255476153314
    },
    {
      "attr": "cluttered_space",
      "ratios": [
        2.3702979360257963,
        2.4918492530546135,
        3.804962711924943,
        3.777622563342683,
        2.5650740234288896,
        2.913241590076685,
        2.618806569497341,
        2.6527786518053347,
        2.7157770736687166,
        3.9010941879394165,
        2.9843488815368886,
        3.1431624957971085,
        2.5536246811430603,
        2.8945974282464504,
        3.004143880552767,
        2.746863428799268
      ],
      "mean_ratio": 2.9461403348024975,
      "median_ratio": 2.820730428522859,
      "std_ratio": 0.46847481148101194
    }
  ],
  "vs_pixel": {
    "spearman": {
      "r": 0.4285714285714286,
      "p": 0.2894032248467901
    },
    "pearson": {
      "r": 0.990780029326818,
      "p": 1.945900527102807e-06
    }
  },
  "_meta": {
    "seed": 2027,
    "deterministic_set": false,
    "timestamp_utc": "2026-05-19T16:12:37.434737+00:00",
    "python": "3.12.9",
    "torch": "2.2.2+cu121",
    "numpy": "1.26.4",
    "cuda": "12.1",
    "cudnn_version": 8902,
    "gpu_name": "NVIDIA GeForce RTX 3070",
    "git_commit": "aa9152f14a44abc59b21082d70ca0ed5fffb88bf",
    "git_dirty": true,
    "track": "bedroom_c2_path",
    "injected_by": "lib/inject_meta.py"
  }
}