{
  "Q1": {
    "n": 162,
    "lpips_win": 0.5617283950617284,
    "id_win": 0.5617283950617284,
    "rho_gap_range": [
      0.000840471126139164,
      0.14402310736477375
    ]
  },
  "Q2": {
    "n": 162,
    "lpips_win": 0.5432098765432098,
    "id_win": 0.5864197530864198,
    "rho_gap_range": [
      0.15340740233659744,
      0.5605354569852352
    ]
  },
  "Q3": {
    "n": 161,
    "lpips_win": 0.6024844720496895,
    "id_win": 0.6149068322981367,
    "rho_gap_range": [
      0.5605354569852352,
      5.244594395160675
    ]
  },
  "Q4": {
    "n": 161,
    "lpips_win": 0.5031055900621118,
    "id_win": 0.4472049689440994,
    "rho_gap_range": [
      5.296831846237183,
      213.68249315023422
    ]
  },
  "spearman_rhogap_vs_win": -0.19243767904570833
}