{
  "bedroom_LPIPS": {
    "domain": "bedroom",
    "metric": "LPIPS",
    "n": 960,
    "marginal_spearman_rho": 0.3686913315878137,
    "incr_cvr2_over_abs_alpha": 0.49534741874336397,
    "partial_spearman_rho_given_abs_alpha": 0.5199428351202362,
    "incr_cvr2_over_mean_abs_delta_attr": 0.43511860855446505,
    "partial_spearman_rho_given_mean_abs_delta_attr": 0.37347885042620327,
    "incr_cvr2_over_probe_gain": 0.44938016660010693,
    "partial_spearman_rho_given_probe_gain": 0.3739726260234909,
    "incr_cvr2_over_calib_max_abs_delta_attr": 0.3975901911584364,
    "partial_spearman_rho_given_calib_max_abs_delta_attr": 0.4042595697469296
  },
  "bedroom_ID": {
    "domain": "bedroom",
    "metric": "ID",
    "n": 960,
    "marginal_spearman_rho": 0.26932460592947494,
    "incr_cvr2_over_abs_alpha": 0.08264348380176312,
    "partial_spearman_rho_given_abs_alpha": 0.4636602936957068,
    "incr_cvr2_over_mean_abs_delta_attr": 0.05336272182201385,
    "partial_spearman_rho_given_mean_abs_delta_attr": 0.26901096574013744,
    "incr_cvr2_over_probe_gain": 0.061184607608710584,
    "partial_spearman_rho_given_probe_gain": 0.29819035302634056,
    "incr_cvr2_over_calib_max_abs_delta_attr": 0.04423593617584476,
    "partial_spearman_rho_given_calib_max_abs_delta_attr": 0.29611604095171834
  },
  "church_LPIPS": {
    "domain": "church",
    "metric": "LPIPS",
    "n": 360,
    "marginal_spearman_rho": 0.5883257844067614,
    "incr_cvr2_over_abs_alpha": 0.35017769878978877,
    "partial_spearman_rho_given_abs_alpha": 0.7453136099144413,
    "incr_cvr2_over_mean_abs_delta_attr": 0.03286237836070893,
    "partial_spearman_rho_given_mean_abs_delta_attr": 0.5783715528050825,
    "incr_cvr2_over_probe_gain": 0.2500636206672159,
    "partial_spearman_rho_given_probe_gain": 0.48518677886777434,
    "incr_cvr2_over_calib_max_abs_delta_attr": 0.35228680438968496,
    "partial_spearman_rho_given_calib_max_abs_delta_attr": 0.5974999459911318
  },
  "church_ID": {
    "domain": "church",
    "metric": "ID",
    "n": 360,
    "marginal_spearman_rho": 0.528689007374018,
    "incr_cvr2_over_abs_alpha": 0.30166513014630925,
    "partial_spearman_rho_given_abs_alpha": 0.7185603972659037,
    "incr_cvr2_over_mean_abs_delta_attr": 0.01304095627356594,
    "partial_spearman_rho_given_mean_abs_delta_attr": 0.4786012383757938,
    "incr_cvr2_over_probe_gain": 0.23265301719473752,
    "partial_spearman_rho_given_probe_gain": 0.443395353176966,
    "incr_cvr2_over_calib_max_abs_delta_attr": 0.305814490358816,
    "partial_spearman_rho_given_calib_max_abs_delta_attr": 0.5398772503811997
  },
  "ffhq_LPIPS": {
    "domain": "ffhq",
    "metric": "LPIPS",
    "n": 600,
    "marginal_spearman_rho": 0.3697911383087133,
    "incr_cvr2_over_abs_alpha": 0.12223925163338123,
    "partial_spearman_rho_given_abs_alpha": 0.6384724400762822,
    "incr_cvr2_over_mean_abs_delta_attr": 0.054934501397531865,
    "partial_spearman_rho_given_mean_abs_delta_attr": 0.303632737660207,
    "incr_cvr2_over_probe_gain": 0.06353012911032863,
    "partial_spearman_rho_given_probe_gain": 0.4506349698952486,
    "incr_cvr2_over_calib_max_abs_delta_attr": 0.06491189285992482,
    "partial_spearman_rho_given_calib_max_abs_delta_attr": 0.41196038520105377
  },
  "ffhq_ID": {
    "domain": "ffhq",
    "metric": "ID",
    "n": 600,
    "marginal_spearman_rho": 0.29794832763424,
    "incr_cvr2_over_abs_alpha": 0.02131655868020288,
    "partial_spearman_rho_given_abs_alpha": 0.568453515014678,
    "incr_cvr2_over_mean_abs_delta_attr": -0.010170247731382198,
    "partial_spearman_rho_given_mean_abs_delta_attr": 0.19911535459323826,
    "incr_cvr2_over_probe_gain": -0.012464306910812128,
    "partial_spearman_rho_given_probe_gain": 0.35007130914266343,
    "incr_cvr2_over_calib_max_abs_delta_attr": -0.01190687456363082,
    "partial_spearman_rho_given_calib_max_abs_delta_attr": 0.3248770735123012
  },
  "_verdict": "THESIS_WRONG_rho_beats_clean_magnitude"
}