{
  "rel_le_1.0": {
    "bedroom": {
      "n_pairs": 2395,
      "id_win_rate": 0.5215031315240084,
      "id_z": 2.104672205818697,
      "lpips_win_rate": 0.5164926931106472,
      "lpips_z": 1.6142631481521987
    },
    "POOLED": {
      "n_pairs": 4761,
      "id_win_rate": 0.532871245536652,
      "id_z": 4.536231884057975,
      "lpips_win_rate": 0.5381222432262129,
      "lpips_z": 5.260869565217385
    },
    "church": {
      "n_pairs": 870,
      "id_win_rate": 0.6206896551724138,
      "id_z": 7.1196667880185105,
      "lpips_win_rate": 0.6183908045977011,
      "lpips_z": 6.984054087294346
    },
    "ffhq": {
      "n_pairs": 1496,
      "id_win_rate": 0.5,
      "id_z": 0.0,
      "lpips_win_rate": 0.5260695187165776,
      "lpips_z": 2.0166419909805784
    }
  },
  "rel_le_0.25": {
    "bedroom": {
      "n_pairs": 1592,
      "id_win_rate": 0.5307788944723618,
      "id_z": 2.4561480648737195,
      "lpips_win_rate": 0.5226130653266332,
      "lpips_z": 1.804516945621511
    },
    "POOLED": {
      "n_pairs": 2910,
      "id_win_rate": 0.5264604810996564,
      "id_z": 2.854790391376251,
      "lpips_win_rate": 0.5261168384879725,
      "lpips_z": 2.817715191488248
    },
    "church": {
      "n_pairs": 368,
      "id_win_rate": 0.6114130434782609,
      "id_z": 4.274545488170032,
      "lpips_win_rate": 0.6086956521739131,
      "lpips_z": 4.170288281141497
    },
    "ffhq": {
      "n_pairs": 950,
      "id_win_rate": 0.4863157894736842,
      "id_z": -0.8435513898799657,
      "lpips_win_rate": 0.5,
      "lpips_z": 0.0
    }
  },
  "rel_le_0.1": {
    "bedroom": {
      "n_pairs": 728,
      "id_win_rate": 0.5370879120879121,
      "id_z": 2.001373154984972,
      "lpips_win_rate": 0.5315934065934066,
      "lpips_z": 1.7048734283205327
    },
    "POOLED": {
      "n_pairs": 1300,
      "id_win_rate": 0.5323076923076923,
      "id_z": 2.3297408241459587,
      "lpips_win_rate": 0.5307692307692308,
      "lpips_z": 2.2188007849009166
    },
    "church": {
      "n_pairs": 144,
      "id_win_rate": 0.6388888888888888,
      "id_z": 3.333333333333332,
      "lpips_win_rate": 0.6458333333333334,
      "lpips_z": 3.500000000000001
    },
    "ffhq": {
      "n_pairs": 428,
      "id_win_rate": 0.4883177570093458,
      "id_z": -0.4833682445228307,
      "lpips_win_rate": 0.49065420560747663,
      "lpips_z": -0.3866945956182655
    }
  },
  "rel_le_0.05": {
    "bedroom": {
      "n_pairs": 343,
      "id_win_rate": 0.5597667638483965,
      "id_z": 2.2137919133397603,
      "lpips_win_rate": 0.5568513119533528,
      "lpips_z": 2.105802063908553
    },
    "POOLED": {
      "n_pairs": 646,
      "id_win_rate": 0.5526315789473685,
      "id_z": 2.6754242162397572,
      "lpips_win_rate": 0.5526315789473685,
      "lpips_z": 2.6754242162397572
    },
    "church": {
      "n_pairs": 80,
      "id_win_rate": 0.6375,
      "id_z": 2.459674775249768,
      "lpips_win_rate": 0.625,
      "lpips_z": 2.23606797749979
    },
    "ffhq": {
      "n_pairs": 223,
      "id_win_rate": 0.5112107623318386,
      "id_z": 0.3348247650912135,
      "lpips_win_rate": 0.5201793721973094,
      "lpips_z": 0.602684577164181
    }
  },
  "rel_le_0.02": {
    "bedroom": {
      "n_pairs": 138,
      "id_win_rate": 0.5434782608695652,
      "id_z": 1.0215078369104977,
      "lpips_win_rate": 0.5289855072463768,
      "lpips_z": 0.6810052246069993
    },
    "POOLED": {
      "n_pairs": 247,
      "id_win_rate": 0.562753036437247,
      "id_z": 1.9724827652249106,
      "lpips_win_rate": 0.5587044534412956,
      "lpips_z": 1.8452258126297574
    },
    "church": {
      "n_pairs": 28,
      "id_win_rate": 0.6785714285714286,
      "id_z": 1.8898223650461365,
      "lpips_win_rate": 0.7142857142857143,
      "lpips_z": 2.267786838055364
    },
    "ffhq": {
      "n_pairs": 81,
      "id_win_rate": 0.5555555555555556,
      "id_z": 1.0000000000000004,
      "lpips_win_rate": 0.5555555555555556,
      "lpips_z": 1.0000000000000004
    }
  }
}