{
  "bedroom": {
    "per_attr": {
      "indoor_lighting": {
        "mean": 2.938312192074116,
        "std": 0.31868440778811036,
        "n": 16
      },
      "wood": {
        "mean": 3.312444958314207,
        "std": 0.5928496820503846,
        "n": 16
      },
      "carpet": {
        "mean": 3.5267628186588498,
        "std": 0.47320959693549675,
        "n": 16
      },
      "cluttered_space": {
        "mean": 3.2478618730604834,
        "std": 0.44433907265451733,
        "n": 16
      },
      "glossy": {
        "mean": 3.097196104775439,
        "std": 0.33311028523443054,
        "n": 16
      },
      "dirt": {
        "mean": 3.147627604325594,
        "std": 0.47959084637720223,
        "n": 16
      },
      "scary": {
        "mean": 3.0672321912885714,
        "std": 0.4903914142325309,
        "n": 16
      },
      "view": {
        "mean": 5.458651386556792,
        "std": 1.3411593884301292,
        "n": 16
      }
    },
    "pearson": {
      "r": 0.9772704324661818,
      "p": 2.8858944270803744e-05
    },
    "spearman": {
      "r": 0.4285714285714286,
      "p": 0.2894032248467901
    }
  },
  "ffhq": {
    "per_attr": {
      "smile": {
        "mean": 2.682271451736586,
        "std": 0.6327886015597358,
        "n": 16
      },
      "age": {
        "mean": 3.9849195676810947,
        "std": 0.8875275077566206,
        "n": 16
      },
      "gender": {
        "mean": 4.731175740240995,
        "std": 1.1280038204840532,
        "n": 16
      },
      "eyeglasses": {
        "mean": 4.379378624687937,
        "std": 0.6276459193911283,
        "n": 16
      },
      "pose": {
        "mean": 7.762710226868462,
        "std": 1.4112213908011821,
        "n": 16
      }
    },
    "pearson": {
      "r": 0.9370882111846095,
      "p": 0.018762494680839823
    },
    "spearman": {
      "r": 0.8999999999999998,
      "p": 0.03738607346849874
    }
  },
  "_meta": {
    "seed": 2027,
    "deterministic_set": false,
    "timestamp_utc": "2026-05-21T11:21:38.276452+00:00",
    "python": "3.12.9",
    "torch": "2.2.2+cu121",
    "numpy": "1.26.4",
    "cuda": "12.1",
    "cudnn_version": 8902,
    "gpu_name": "NVIDIA GeForce RTX 3070",
    "git_commit": "1051367f5aabbde5a9610cc5c997d7dc6a04ffb2",
    "git_dirty": true,
    "track": "dino_path_curvature",
    "injected_by": "lib/inject_meta.py"
  }
}