{
  "ViT-B-32": {
    "bedroom": {
      "per_attr": {
        "indoor_lighting": {
          "mean": 2.7072270925576802,
          "std": 0.31720336767938623,
          "n": 16
        },
        "wood": {
          "mean": 3.060418516125198,
          "std": 0.43836818505396175,
          "n": 16
        },
        "carpet": {
          "mean": 3.2048895077228057,
          "std": 0.4244338691959368,
          "n": 16
        },
        "cluttered_space": {
          "mean": 2.946139518985885,
          "std": 0.46847426137594433,
          "n": 16
        },
        "glossy": {
          "mean": 2.813019050563115,
          "std": 0.4232986634808829,
          "n": 16
        },
        "dirt": {
          "mean": 2.8442850510524726,
          "std": 0.36529061477116087,
          "n": 16
        },
        "scary": {
          "mean": 2.772361665843861,
          "std": 0.4062924770431929,
          "n": 16
        },
        "view": {
          "mean": 6.262427302860772,
          "std": 1.2741466182300556,
          "n": 16
        }
      },
      "pearson": {
        "r": 0.990780003598064,
        "p": 1.9459167798529777e-06
      },
      "spearman": {
        "r": 0.4285714285714286,
        "p": 0.2894032248467901
      }
    },
    "ffhq": {
      "per_attr": {
        "smile": {
          "mean": 2.2738582441289545,
          "std": 0.24033528905269763,
          "n": 16
        },
        "age": {
          "mean": 3.049764665473342,
          "std": 0.39533292954043975,
          "n": 16
        },
        "gender": {
          "mean": 3.4929765132240345,
          "std": 0.4055875288256574,
          "n": 16
        },
        "eyeglasses": {
          "mean": 3.6030171048043806,
          "std": 0.4188647550096922,
          "n": 16
        },
        "pose": {
          "mean": 6.71045258897607,
          "std": 0.9270491997114583,
          "n": 16
        }
      },
      "pearson": {
        "r": 0.9700001925661679,
        "p": 0.0062093700929382895
      },
      "spearman": {
        "r": 0.9999999999999999,
        "p": 1.4042654220543602e-24
      }
    }
  },
  "ViT-L-14": {
    "bedroom": {
      "per_attr": {
        "indoor_lighting": {
          "mean": 2.8812484641893037,
          "std": 0.35751794516827323,
          "n": 16
        },
        "wood": {
          "mean": 3.323132891309768,
          "std": 0.4425293996315802,
          "n": 16
        },
        "carpet": {
          "mean": 3.4606761546010993,
          "std": 0.3725341057595998,
          "n": 16
        },
        "cluttered_space": {
          "mean": 3.1461855073455975,
          "std": 0.4827817476905473,
          "n": 16
        },
        "glossy": {
          "mean": 3.0368710630619757,
          "std": 0.5757365382332599,
          "n": 16
        },
        "dirt": {
          "mean": 3.092101130895255,
          "std": 0.4981356277884262,
          "n": 16
        },
        "scary": {
          "mean": 2.958326097052285,
          "std": 0.4629777411546183,
          "n": 16
        },
        "view": {
          "mean": 6.3690211642304515,
          "std": 1.3470805560847194,
          "n": 16
        }
      },
      "pearson": {
        "r": 0.9868527319954754,
        "p": 5.625412019590412e-06
      },
      "spearman": {
        "r": 0.4285714285714286,
        "p": 0.2894032248467901
      }
    },
    "ffhq": {
      "per_attr": {
        "smile": {
          "mean": 2.240391912354679,
          "std": 0.12536231920057928,
          "n": 16
        },
        "age": {
          "mean": 3.0626484537250143,
          "std": 0.40377290321332887,
          "n": 16
        },
        "gender": {
          "mean": 3.4086619964854843,
          "std": 0.36421213218271353,
          "n": 16
        },
        "eyeglasses": {
          "mean": 3.6805340445225756,
          "std": 0.6260876937176819,
          "n": 16
        },
        "pose": {
          "mean": 5.995167940699529,
          "std": 0.8788085408890861,
          "n": 16
        }
      },
      "pearson": {
        "r": 0.9765653206375644,
        "p": 0.004291309504561151
      },
      "spearman": {
        "r": 0.9999999999999999,
        "p": 1.4042654220543602e-24
      }
    }
  },
  "ViT-H-14": {
    "bedroom": {
      "per_attr": {
        "indoor_lighting": {
          "mean": 3.0098506125143265,
          "std": 0.300439582174235,
          "n": 16
        },
        "wood": {
          "mean": 3.3583985402748,
          "std": 0.35302914409890995,
          "n": 16
        },
        "carpet": {
          "mean": 3.3929755012937735,
          "std": 0.2613618447842053,
          "n": 16
        },
        "cluttered_space": {
          "mean": 3.1570686337750855,
          "std": 0.31530019299471135,
          "n": 16
        },
        "glossy": {
          "mean": 3.0797749386169766,
          "std": 0.4099533181056008,
          "n": 16
        },
        "dirt": {
          "mean": 3.135303036029086,
          "std": 0.4793659187540336,
          "n": 16
        },
        "scary": {
          "mean": 2.9197014233418543,
          "std": 0.2555072547594526,
          "n": 16
        },
        "view": {
          "mean": 6.347487172024392,
          "std": 1.4681467622161728,
          "n": 16
        }
      },
      "pearson": {
        "r": 0.9891943213158932,
        "p": 3.1287427085430173e-06
      },
      "spearman": {
        "r": 0.28571428571428575,
        "p": 0.49272624501695717
      }
    },
    "ffhq": {
      "per_attr": {
        "smile": {
          "mean": 2.2669450468373418,
          "std": 0.24223948597424055,
          "n": 16
        },
        "age": {
          "mean": 3.1317429732399047,
          "std": 0.4234840667587671,
          "n": 16
        },
        "gender": {
          "mean": 3.570775590415394,
          "std": 0.4580498557487459,
          "n": 16
        },
        "eyeglasses": {
          "mean": 3.6447194272539547,
          "std": 0.511110374415161,
          "n": 16
        },
        "pose": {
          "mean": 6.265801210512868,
          "std": 1.0005504165419081,
          "n": 16
        }
      },
      "pearson": {
        "r": 0.9661423171210906,
        "p": 0.0074404929584358775
      },
      "spearman": {
        "r": 0.9999999999999999,
        "p": 1.4042654220543602e-24
      }
    }
  },
  "_meta": {
    "seed": 2027,
    "deterministic_set": false,
    "timestamp_utc": "2026-05-21T11:21:38.335157+00:00",
    "python": "3.12.9",
    "torch": "2.2.2+cu121",
    "numpy": "1.26.4",
    "cuda": "12.1",
    "cudnn_version": 8902,
    "gpu_name": "NVIDIA GeForce RTX 3070",
    "git_commit": "1051367f5aabbde5a9610cc5c997d7dc6a04ffb2",
    "git_dirty": true,
    "track": "multi_clip_c2",
    "injected_by": "lib/inject_meta.py"
  }
}