{
  "pose": {
    "corr": -0.016541164399663077,
    "iou": 0.20000076293945312,
    "prompt": "a face turned to the side, side profile"
  },
  "smile": {
    "corr": -0.001185426192539607,
    "iou": 0.20000076293945312,
    "prompt": "a smiling face with teeth showing"
  },
  "eyeglasses": {
    "corr": -0.013089195923520671,
    "iou": 0.20000076293945312,
    "prompt": "a face wearing eyeglasses"
  },
  "age": {
    "corr": -0.019941403458331144,
    "iou": 0.20000076293945312,
    "prompt": "an old face with wrinkles"
  },
  "gender": {
    "corr": -0.013344297790785055,
    "iou": 0.20000076293945312,
    "prompt": "a male face with a beard"
  }
}