{
  "cluster_labels": {
    "4": [
      [
        "an old face",
        0.009207606315612793
      ],
      [
        "blond hair",
        0.007500097155570984
      ],
      [
        "a young face",
        0.007424637675285339
      ],
      [
        "a face without glasses",
        0.007277458906173706
      ]
    ],
    "0": [
      [
        "open mouth",
        0.003262132406234741
      ],
      [
        "a smooth face",
        0.0021139681339263916
      ],
      [
        "a beard",
        0.0020959079265594482
      ],
      [
        "a smiling face",
        0.002032339572906494
      ]
    ],
    "1": [
      [
        "dark hair",
        0.0020776987075805664
      ],
      [
        "an old face",
        0.0018953830003738403
      ],
      [
        "closed mouth",
        0.001741454005241394
      ],
      [
        "a tilted face",
        0.0016934722661972046
      ]
    ],
    "2": [
      [
        "dark hair",
        0.0032740235328674316
      ],
      [
        "a wrinkled face",
        0.002870708703994751
      ],
      [
        "an old face",
        0.0021017640829086304
      ],
      [
        "a male face",
        0.002008110284805298
      ]
    ],
    "3": [
      [
        "blond hair",
        0.0011524558067321777
      ],
      [
        "a female face",
        0.000942721962928772
      ],
      [
        "a wrinkled face",
        0.0008116066455841064
      ],
      [
        "a beard",
        0.0007183104753494263
      ]
    ],
    "5": [
      [
        "blond hair",
        0.0009119212627410889
      ],
      [
        "a chin",
        0.0004216879606246948
      ],
      [
        "a face without glasses",
        0.00016930699348449707
      ],
      [
        "an old face",
        -0.0003553330898284912
      ]
    ],
    "6": [
      [
        "a side profile",
        0.0023430734872817993
      ],
      [
        "closed mouth",
        0.001622036099433899
      ],
      [
        "a male face",
        0.0013186335563659668
      ],
      [
        "a wrinkled face",
        0.0010266602039337158
      ]
    ],
    "7": [
      [
        "a forehead",
        4.763901233673096e-05
      ],
      [
        "blond hair",
        -9.669363498687744e-05
      ],
      [
        "a tilted face",
        -0.0002275407314300537
      ],
      [
        "wide eyes",
        -0.00034902989864349365
      ]
    ]
  },
  "kmeans_inertia": 132.5851287841797,
  "num_clusters": 8,
  "num_directions_kept": 96,
  "_meta": {
    "seed": 2027,
    "deterministic_set": false,
    "timestamp_utc": "2026-05-19T16:12:37.518393+00:00",
    "python": "3.12.9",
    "torch": "2.2.2+cu121",
    "numpy": "1.26.4",
    "cuda": "12.1",
    "cudnn_version": 8902,
    "gpu_name": "NVIDIA GeForce RTX 3070",
    "git_commit": "aa9152f14a44abc59b21082d70ca0ed5fffb88bf",
    "git_dirty": true,
    "track": "ffhq_c6",
    "injected_by": "lib/inject_meta.py"
  }
}