{
  "per_threshold": {
    "0.1": {
      "scores": {
        "pose": 0.3266207915135979,
        "gender": 0.1211812817790183,
        "age": 0.10841173152377015,
        "eyeglasses": 0.1461728202659914,
        "smile": 0.1396528455550889
      },
      "mean": 0.16840789412749335,
      "fraction_positive": 1.0
    },
    "0.2": {
      "scores": {
        "pose": 0.3100168148032275,
        "gender": 0.12782342332863095,
        "age": 0.1101498340188489,
        "eyeglasses": 0.13495269130201465,
        "smile": 0.11508693398328318
      },
      "mean": 0.15960593948720106,
      "fraction_positive": 1.0
    },
    "0.3": {
      "scores": {
        "pose": 0.2838576471318125,
        "gender": 0.13224078952144763,
        "age": 0.11059483339601772,
        "eyeglasses": 0.1281636372402939,
        "smile": 0.10300014418560122
      },
      "mean": 0.1515714102950346,
      "fraction_positive": 1.0
    },
    "0.5": {
      "scores": {
        "pose": 0.22621558867982172,
        "gender": 0.13080320058955874,
        "age": 0.0995608386982017,
        "eyeglasses": 0.11383448194248447,
        "smile": 0.07748981999589644
      },
      "mean": 0.1295807859811926,
      "fraction_positive": 1.0
    }
  },
  "thresholds": [
    0.1,
    0.2,
    0.3,
    0.5
  ],
  "num_samples": 6,
  "_meta": {
    "seed": 2027,
    "deterministic_set": false,
    "timestamp_utc": "2026-05-19T16:12:37.509816+00:00",
    "python": "3.12.9",
    "torch": "2.2.2+cu121",
    "numpy": "1.26.4",
    "cuda": "12.1",
    "cudnn_version": 8902,
    "gpu_name": "NVIDIA GeForce RTX 3070",
    "git_commit": "aa9152f14a44abc59b21082d70ca0ed5fffb88bf",
    "git_dirty": true,
    "track": "ffhq_c3_threshold",
    "injected_by": "lib/inject_meta.py"
  }
}