{
  "per_attr": {
    "smile": {
      "rho_per_layer": [
        0.851181618878021,
        0.39726388941549295,
        0.9628864303977376,
        1.3820613003518902,
        0.7195989240906218,
        0.31299059423382714,
        0.19702218277655734,
        0.12283773463377165,
        0.08463943300742974,
        0.06416962655730821,
        0.04456946434316653,
        0.038490164082587736,
        0.03298506565656955,
        0.03730193050452943,
        0.04062180750530536,
        0.03848053532530657,
        0.03219080193063332,
        0.0
      ],
      "std_per_layer": [
        0.4012867371855185,
        0.16493699106815826,
        0.938061756100635,
        0.7045613591205028,
        0.3188121334446833,
        0.10928906718330753,
        0.04098600381407837,
        0.024978967151516703,
        0.013255030401654344,
        0.012357754874773441,
        0.007627623280295247,
        0.008169521931735719,
        0.008820015090012321,
        0.011888153961902488,
        0.014823690368676767,
        0.006006666449594876,
        0.005607164371864065,
        0.0
      ],
      "argmax_layer": 3,
      "argmax_in_canonical": false,
      "canonical_layers": [
        4,
        5,
        6,
        7
      ]
    },
    "age": {
      "rho_per_layer": [
        2.0162978069059916,
        0.8965210926406326,
        1.413481293232548,
        0.6744264357828315,
        0.34676281160039346,
        0.21943835193218464,
        0.17312213607349197,
        0.11735646471998687,
        0.0762692775395242,
        0.0719593720291119,
        0.044560692675340866,
        0.05765371829302915,
        0.035890547730801914,
        0.049278084382277265,
        0.03990732146617032,
        0.03431384118051701,
        0.02660827608775842,
        0.0
      ],
      "std_per_layer": [
        0.9702686143692232,
        0.5056568858017119,
        0.726003698432585,
        0.3030199638522878,
        0.16779337902750413,
        0.0509689033716287,
        0.029937397073039704,
        0.0210017551959091,
        0.012427612766559074,
        0.01516891430116302,
        0.009114778682624057,
        0.012250668729905538,
        0.00718275769708078,
        0.015066790848357608,
        0.014840391533400044,
        0.00746073352062933,
        0.006387361554277765,
        0.0
      ],
      "argmax_layer": 0,
      "argmax_in_canonical": true,
      "canonical_layers": [
        0,
        1,
        2,
        3,
        4,
        5,
        6,
        7
      ]
    },
    "pose": {
      "rho_per_layer": [
        15.611331306738007,
        4.61148589144993,
        3.8377418039714177,
        1.075486599968817,
        0.5628750830612212,
        0.2302759910535785,
        0.230989404517051,
        0.1035797767494227,
        0.055584976339211965,
        0.04526617248661404,
        0.02840954944361421,
        0.02615761880582946,
        0.016630445143359027,
        0.019918766016843774,
        0.015035587338036487,
        0.029301033029453888,
        0.023058264971906377,
        0.0
      ],
      "std_per_layer": [
        10.368593284076796,
        2.635571882546703,
        1.6554164443743313,
        0.4074466681261284,
        0.19345395775582186,
        0.06864536662651938,
        0.10689446882944463,
        0.017559321206593495,
        0.007732399668209872,
        0.007271909793687231,
        0.005219145350997818,
        0.005995380477248991,
        0.002848794791554819,
        0.006914782991611191,
        0.005098042200698102,
        0.008391932588084017,
        0.006359360679836791,
        0.0
      ],
      "argmax_layer": 0,
      "argmax_in_canonical": true,
      "canonical_layers": [
        0,
        1,
        2,
        3
      ]
    },
    "gender": {
      "rho_per_layer": [
        2.0900482698613354,
        1.4516404036188224,
        1.719692448130897,
        1.6123009612815922,
        0.6886792310281855,
        0.3946767395924523,
        0.19282319989991353,
        0.13379245010981863,
        0.08213143998870014,
        0.07113992708633471,
        0.05582312719729849,
        0.045499650685463036,
        0.04900408647090896,
        0.03129398749667553,
        0.02922389781946924,
        0.018604651392060263,
        0.04658457584828355,
        0.0
      ],
      "std_per_layer": [
        0.9311723165800254,
        1.0500243688938447,
        0.6460240924698192,
        0.8020854457807601,
        0.30561065829995315,
        0.17164772156284855,
        0.05689109570830889,
        0.02927262432706782,
        0.014310742079679748,
        0.012381265999265919,
        0.008974149614160805,
        0.011361424621392838,
        0.00813328828283483,
        0.02142532626137794,
        0.009900802492645099,
        0.00459881634538325,
        0.01226448233095205,
        0.0
      ],
      "argmax_layer": 0,
      "argmax_in_canonical": true,
      "canonical_layers": [
        0,
        1,
        2,
        3,
        4,
        5,
        6,
        7
      ]
    },
    "eyeglasses": {
      "rho_per_layer": [
        2.8757885802728396,
        1.9502099012996428,
        2.5814365221065025,
        1.070116257216827,
        0.4838516331763472,
        0.3527842955065968,
        0.20959308026449086,
        0.14966749195882467,
        0.10418949031815822,
        0.09722142365301209,
        0.0735541103762202,
        0.08079817983813867,
        0.06907138416844513,
        0.0662041056138146,
        0.0741393868224055,
        0.06213984308172378,
        0.061716937703945686,
        0.0
      ],
      "std_per_layer": [
        1.9501942205674676,
        1.741322036153958,
        1.5909542428328385,
        0.608231747964373,
        0.167895537208465,
        0.14792604946326648,
        0.035895965374274266,
        0.024844997593741973,
        0.013400141044634512,
        0.012785667246986357,
        0.01038966800193181,
        0.010464693075303963,
        0.008993778731566137,
        0.01043116101043746,
        0.009991368168638673,
        0.010761386437108724,
        0.01151769784883321,
        0.0
      ],
      "argmax_layer": 0,
      "argmax_in_canonical": true,
      "canonical_layers": [
        0,
        1,
        2,
        3,
        4,
        5,
        6,
        7
      ]
    }
  },
  "canonical": {
    "pose": [
      0,
      1,
      2,
      3
    ],
    "gender": [
      0,
      1,
      2,
      3,
      4,
      5,
      6,
      7
    ],
    "age": [
      0,
      1,
      2,
      3,
      4,
      5,
      6,
      7
    ],
    "eyeglasses": [
      0,
      1,
      2,
      3,
      4,
      5,
      6,
      7
    ],
    "smile": [
      4,
      5,
      6,
      7
    ]
  },
  "domain": "ffhq",
  "L": 18,
  "attrs": [
    "smile",
    "age",
    "pose",
    "gender",
    "eyeglasses"
  ],
  "argmax_canonical_hit_rate": 0.8,
  "_meta": {
    "seed": 2027,
    "deterministic_set": false,
    "timestamp_utc": "2026-05-21T11:21:38.353719+00:00",
    "python": "3.12.9",
    "torch": "2.2.2+cu121",
    "numpy": "1.26.4",
    "cuda": "12.1",
    "cudnn_version": 8902,
    "gpu_name": "NVIDIA GeForce RTX 3070",
    "git_commit": "1051367f5aabbde5a9610cc5c997d7dc6a04ffb2",
    "git_dirty": true,
    "track": "per_layer_c1_ffhq",
    "injected_by": "lib/inject_meta.py"
  }
}