{
  "ganspace": {
    "spatial_diversity": 0.7047776847530249,
    "mean_pairwise_iou": 0.29522231524697506,
    "all_ious": [
      0.30071942446043165,
      0.2870538563503363,
      0.3510616367759225,
      0.3033059905543127,
      0.3465509271149006,
      0.3101449275362319,
      0.34213894435058617,
      0.26457961506922,
      0.29500098794704604,
      0.3189113045228153,
      0.2603846153846154,
      0.26684063013433845,
      0.281266800254142,
      0.30473299158911066,
      0.2584485407066052,
      0.3245086646794321,
      0.291301349620727,
      0.22912466594777064,
      0.34365229870329556,
      0.3190440251572327,
      0.3101449275362319,
      0.30629328815586226,
      0.27478725990761,
      0.2742915471734798,
      0.30877140432329886,
      0.29981655015122216,
      0.23532183583074168,
      0.25802581697778204
    ],
    "n_directions": 8
  },
  "sefa": {
    "spatial_diversity": 0.7142009150684845,
    "mean_pairwise_iou": 0.28579908493151546,
    "all_ious": [
      0.2886354699174204,
      0.29238353463150113,
      0.2733631241499903,
      0.1988293396744101,
      0.2735487005100802,
      0.31937594363361854,
      0.22935521688159438,
      0.3672681756545322,
      0.282457685158008,
      0.19158220080905414,
      0.28157997653500194,
      0.31244055068836046,
      0.2605058178671026,
      0.352246350647341,
      0.22042735440621944,
      0.3536427944441576,
      0.3086407427744222,
      0.35518221762729385,
      0.2302205537306429,
      0.3732125085118642,
      0.28888888888888886,
      0.34641261363052744,
      0.24814321081698723,
      0.21308592846235713,
      0.24511992400854904,
      0.28472018033911595,
      0.34786632390745503,
      0.263239049775936
    ],
    "n_directions": 8
  },
  "random": {
    "spatial_diversity": 0.7371393482829269,
    "mean_pairwise_iou": 0.262860651717073,
    "all_ious": [
      0.26226587702826326,
      0.27015503875968994,
      0.2945533553898573,
      0.23876577044842415,
      0.26062704366224276,
      0.28377650457862,
      0.29596124375895994,
      0.2392342235878043,
      0.2530949763395631,
      0.23218650122203421,
      0.2832737774731999,
      0.29705125667920046,
      0.28952287260206594,
      0.24081787201817492,
      0.27255958448619,
      0.27522132503161784,
      0.2592343532350257,
      0.25947633917847707,
      0.20805492834431594,
      0.24064171122994651,
      0.221735483269643,
      0.24879721812032582,
      0.31593213532777836,
      0.2477273808957213,
      0.24028953966977337,
      0.289396025968916,
      0.24838095238095237,
      0.2913649573912615
    ],
    "n_directions": 8
  },
  "higan_gt": {
    "spatial_diversity": 0.6870607094035035,
    "mean_pairwise_iou": 0.31293929059649644,
    "all_ious": [
      0.3068142166392503,
      0.26427469135802467,
      0.3294791825143263,
      0.3360513709102028,
      0.36236553551940964,
      0.34124629080118696,
      0.32217066774258624,
      0.28579135808524203,
      0.3400807647088892,
      0.2758419310881838,
      0.28252042463675947,
      0.2691711851278079,
      0.32571428571428573,
      0.26586190246257846,
      0.2670855485741904,
      0.2630564656003083,
      0.266167592368993,
      0.2787668894200283,
      0.30020334275653426,
      0.32981637415035,
      0.3148101710216159,
      0.2697859149472053,
      0.4601760053469979,
      0.36862438005742626,
      0.29621755253399257,
      0.44146918128333423,
      0.3013005063039809,
      0.29743640502820945
    ],
    "n_directions": 8
  }
}