{
  "per_seed": [
    {
      "seed": 0,
      "singular_values": [
        0.0008629541262052953,
        0.0006105859065428376,
        0.00045071079512126744,
        0.00034211797174066305,
        0.0003085521748289466,
        0.0002863273839466274,
        0.0002401369420113042,
        0.00022264992003329098,
        0.0002096972311846912,
        0.00019624218111857772,
        0.00018779811216518283,
        0.0001819276949390769,
        0.00016796146519482136,
        0.00015894659736659378,
        0.00015237352636177093,
        0.00014876479690428823,
        0.00014589022612199187,
        0.00013939838390797377,
        0.00012975168647244573,
        0.00012732790492009372,
        0.0001219414989463985,
        0.00011769851698772982,
        0.00011585473112063482,
        0.000110206390672829,
        0.00010565928823780268,
        0.00010445121006341651,
        9.924366895575076e-05,
        9.606670209905133e-05,
        9.198742918670177e-05,
        8.897398947738111e-05,
        8.809250721242279e-05,
        7.924232340883464e-05
      ],
      "rho_top": [
        0.03712544993661884,
        0.0328993361668272,
        0.033362577929162134,
        0.045418707748451914
      ],
      "spearman_sigma_rho": {
        "r": -0.39999999999999997,
        "p": 0.6
      },
      "wall_s": 1958.870008945465
    },
    {
      "seed": 1,
      "singular_values": [
        0.0003973385610152036,
        0.0003513363772071898,
        0.00032243592431768775,
        0.00028749689226970077,
        0.00026724327472038567,
        0.0002258748427266255,
        0.00020876109192613512,
        0.00019824106129817665,
        0.0001831101399147883,
        0.00017699041927699,
        0.00016770184447523206,
        0.0001560888922540471,
        0.00015254673780873418,
        0.00014670808741357177,
        0.00014320756599772722,
        0.00013735138054471463,
        0.00013011822011321783,
        0.00011981065472355112,
        0.00011897440708708018,
        0.00011428813013480976,
        0.00010939846833935007,
        0.00010449220280861482,
        9.985978249460459e-05,
        9.346117440145463e-05,
        9.097716974793002e-05,
        8.62189190229401e-05,
        8.334897574968636e-05,
        7.8113422205206e-05,
        7.42782503948547e-05,
        7.140605157474056e-05,
        6.580082845175639e-05,
        6.444767495850101e-05
      ],
      "rho_top": [
        0.032326515257558794,
        0.041247281682027556,
        0.03419137362131917,
        0.029386169788566268
      ],
      "spearman_sigma_rho": {
        "r": 0.39999999999999997,
        "p": 0.6
      },
      "wall_s": 1958.5299842357635
    },
    {
      "seed": 2,
      "singular_values": [
        0.0056733121164143085,
        0.0019537548068910837,
        0.0006399068515747786,
        0.0005187264177948236,
        0.0004743231402244419,
        0.0004348300280980766,
        0.0003750814066734165,
        0.0003598054754547775,
        0.00031805364415049553,
        0.00029129890026524663,
        0.00027368139126338065,
        0.0002515414380468428,
        0.0002235700230812654,
        0.00021210573322605342,
        0.00019415648421272635,
        0.00017968029715120792,
        0.00016267289174720645,
        0.00015919614816084504,
        0.00014830639702267945,
        0.0001437297760276124,
        0.00013549340656027198,
        0.00013126744306646287,
        0.0001173067867057398,
        0.00010731166548794135,
        9.88922402029857e-05,
        9.816070814849809e-05,
        9.526254143565893e-05,
        9.034845425048843e-05,
        8.493159839417785e-05,
        8.460768731310964e-05,
        7.786726200720295e-05,
        7.021831697784364e-05
      ],
      "rho_top": [
        0.050070790686169896,
        0.08748274186755622,
        0.0353604242538769,
        0.05572384819333756
      ],
      "spearman_sigma_rho": {
        "r": 0.0,
        "p": 1.0
      },
      "wall_s": 1958.5265061855316
    },
    {
      "seed": 3,
      "singular_values": [
        0.0013117786729708314,
        0.00043590928544290364,
        0.0004006187373306602,
        0.00029204602469690144,
        0.00028571533039212227,
        0.00026644582976587117,
        0.00024602620396763086,
        0.00023913316545076668,
        0.0002052526833722368,
        0.00019706672173924744,
        0.00017948340973816812,
        0.0001747081259964034,
        0.00016349402721971273,
        0.00015458319103345275,
        0.00015079572040122002,
        0.00014618381101172417,
        0.00012721624807454646,
        0.00012417096877470613,
        0.00012213530135340989,
        0.00011438776709837839,
        0.00011220993474125862,
        0.00010933098383247852,
        0.00010604730050545186,
        9.614376176614314e-05,
        9.272672468796372e-05,
        8.516319940099493e-05,
        8.248553785961121e-05,
        8.030661410884932e-05,
        7.784129411447793e-05,
        7.15500718797557e-05,
        6.764957652194425e-05,
        6.123919592937455e-05
      ],
      "rho_top": [
        0.060171851519416106,
        0.029673325542105115,
        0.032070256719782794,
        0.03205797240124965
      ],
      "spearman_sigma_rho": {
        "r": 0.39999999999999997,
        "p": 0.6
      },
      "wall_s": 1958.6892454624176
    },
    {
      "seed": 4,
      "singular_values": [
        0.0007288902415893972,
        0.0006496462156064808,
        0.000511947728227824,
        0.00041670736391097307,
        0.00034102852805517614,
        0.00032439344795420766,
        0.00028340923017822206,
        0.0002597821003291756,
        0.00024497564299963415,
        0.00022659939713776112,
        0.00021170623949728906,
        0.00020547538588289171,
        0.0001881230273284018,
        0.00018182028725277632,
        0.00017555843805894256,
        0.00015467783669009805,
        0.00014808392734266818,
        0.0001436585298506543,
        0.00013591117749456316,
        0.0001261196448467672,
        0.00012184806837467477,
        0.00011901754623977467,
        0.00010994644253514707,
        0.00010484996164450422,
        0.00010038434993475676,
        9.610735287424177e-05,
        8.878355583874509e-05,
        8.660293678985909e-05,
        8.292763959616423e-05,
        8.030392928048968e-05,
        7.74101572460495e-05,
        7.506499969167635e-05
      ],
      "rho_top": [
        0.03902626666114929,
        0.04143336977097842,
        0.03473969085548684,
        0.04359643953592374
      ],
      "spearman_sigma_rho": {
        "r": -0.39999999999999997,
        "p": 0.6
      },
      "wall_s": 1958.6335754394531
    },
    {
      "seed": 5,
      "singular_values": [
        0.0016662486596032977,
        0.0011184279574081302,
        0.0008069667383097112,
        0.0006627795519307256,
        0.0005329573177732527,
        0.00048480468103662133,
        0.00047512128367088735,
        0.0003294885391369462,
        0.00030356465140357614,
        0.00029122334672138095,
        0.00025915124570019543,
        0.00023379795311484486,
        0.00020816408505197614,
        0.0001952718012034893,
        0.00018477541743777692,
        0.00016295599925797433,
        0.00016110950673464686,
        0.00015162024646997452,
        0.000139524185215123,
        0.0001310825755354017,
        0.00013000141188967973,
        0.00012227395200170577,
        0.00010939411004073918,
        0.00010596086212899536,
        0.00010418575402582064,
        9.83635472948663e-05,
        8.891261677490547e-05,
        8.631329546915367e-05,
        8.376384357688949e-05,
        8.122625149553642e-05,
        8.018360676942393e-05,
        6.754969945177436e-05
      ],
      "rho_top": [
        0.056695742370136054,
        0.052394794552598684,
        0.04719714458640066,
        0.07238248915270452
      ],
      "spearman_sigma_rho": {
        "r": -0.19999999999999998,