{
  "results": {
    "smile": {
      "0.25": {
        "mean": 1.1688001116074984,
        "std": 0.4823582764460351
      },
      "0.5": {
        "mean": 1.167108253634983,
        "std": 0.45399695454495165
      },
      "1.0": {
        "mean": 1.0984767292461641,
        "std": 0.26854282155569087
      },
      "2.0": {
        "mean": 1.0202454304645838,
        "std": 0.2639073007040002
      },
      "3.0": {
        "mean": 0.943637096030405,
        "std": 0.20174240888595638
      },
      "log_slope": -0.08644468404064003,
      "log_intercept": 0.06831844568974844
    },
    "age": {
      "0.25": {
        "mean": 3.6566739314369263,
        "std": 2.052750515032574
      },
      "0.5": {
        "mean": 3.9864481531179248,
        "std": 2.846823915021374
      },
      "1.0": {
        "mean": 2.8038008109533985,
        "std": 1.268374157929167
      },
      "2.0": {
        "mean": 2.314667349157098,
        "std": 1.2162548674564977
      },
      "3.0": {
        "mean": 3.125026552513218,
        "std": 5.011119494364267
      },
      "log_slope": -0.14610090785473068,
      "log_intercept": 1.1294217400652131
    },
    "pose": {
      "0.25": {
        "mean": 20.740579443184803,
        "std": 7.3530129720127055
      },
      "0.5": {
        "mean": 21.33096463922103,
        "std": 9.819153673892265
      },
      "1.0": {
        "mean": 15.878903560197362,
        "std": 7.55543663047699
      },
      "2.0": {
        "mean": 11.322980768022873,
        "std": 6.725404971563466
      },
      "3.0": {
        "mean": 5.714428300198893,
        "std": 3.605851395637195
      },
      "log_slope": -0.4856121434193147,
      "log_intercept": 2.5774740022488927
    },
    "gender": {
      "0.25": {
        "mean": 5.91180121104396,
        "std": 4.442034549083897
      },
      "0.5": {
        "mean": 5.312909213967589,
        "std": 3.627183840276136
      },
      "1.0": {
        "mean": 5.513615901911948,
        "std": 6.585311808524638
      },
      "2.0": {
        "mean": 4.813806278264458,
        "std": 6.9140711837541025
      },
      "3.0": {
        "mean": 4.1440706007020465,
        "std": 6.404363502728447
      },
      "log_slope": -0.12302780235035872,
      "log_intercept": 1.622416903086538
    },
    "eyeglasses": {
      "0.25": {
        "mean": 7.276738640441348,
        "std": 5.963705181258222
      },
      "0.5": {
        "mean": 9.456496661757892,
        "std": 14.732940793775468
      },
      "1.0": {
        "mean": 7.724555867560035,
        "std": 8.073886226228543
      },
      "2.0": {
        "mean": 6.82189004167221,
        "std": 8.540917777888868
      },
      "3.0": {
        "mean": 5.029629303969102,
        "std": 1.9296421984100192
      },
      "log_slope": -0.15677626859239516,
      "log_intercept": 1.9532340424118
    }
  },
  "config": {
    "alphas": [
      0.25,
      0.5,
      1.0,
      2.0,
      3.0
    ],
    "n_samples": 32,
    "out": "experiments/out/ffhq_alpha_scan",
    "seed": 2027
  },
  "_meta": {
    "seed": 2027,
    "deterministic_set": false,
    "timestamp_utc": "2026-05-21T11:21:38.300067+00:00",
    "python": "3.12.9",
    "torch": "2.2.2+cu121",
    "numpy": "1.26.4",
    "cuda": "12.1",
    "cudnn_version": 8902,
    "gpu_name": "NVIDIA GeForce RTX 3070",
    "git_commit": "1051367f5aabbde5a9610cc5c997d7dc6a04ffb2",
    "git_dirty": true,
    "track": "ffhq_alpha_scan",
    "injected_by": "lib/inject_meta.py"
  }
}