{
  "per_photo": [
    {
      "photo": "lsun_00.png",
      "lpips_optim": 0.03868168219923973,
      "lpips_enc": 0.4611082971096039,
      "mse_optim": 0.014580260030925274,
      "mse_enc": 0.14130571484565735
    },
    {
      "photo": "lsun_01.png",
      "lpips_optim": 0.05760610103607178,
      "lpips_enc": 0.5850489735603333,
      "mse_optim": 0.048879917711019516,
      "mse_enc": 0.1603841334581375
    },
    {
      "photo": "lsun_02.png",
      "lpips_optim": 0.029093628749251366,
      "lpips_enc": 0.5228034853935242,
      "mse_optim": 0.02254357561469078,
      "mse_enc": 0.137576162815094
    },
    {
      "photo": "lsun_03.png",
      "lpips_optim": 0.03322366252541542,
      "lpips_enc": 0.40980738401412964,
      "mse_optim": 0.030028849840164185,
      "mse_enc": 0.21423479914665222
    }
  ],
  "summary": {
    "n_photos": 4,
    "lpips_optim_mean": 0.039651268627494574,
    "lpips_optim_std": 0.010909789006485262,
    "lpips_enc_mean": 0.49469203501939774,
    "lpips_enc_std": 0.0657417322043374,
    "encoder_gap_pct": 1147.6070807892727
  },
  "_meta": {
    "seed": 2027,
    "deterministic_set": false,
    "timestamp_utc": "2026-05-21T11:43:45.445603+00:00",
    "python": "3.12.9",
    "torch": "2.2.2+cu121",
    "numpy": "1.26.4",
    "cuda": "12.1",
    "cudnn_version": 8902,
    "gpu_name": "NVIDIA GeForce RTX 3070",
    "git_commit": "1051367f5aabbde5a9610cc5c997d7dc6a04ffb2",
    "git_dirty": true
  }
}