{
  "per_attr": {
    "clouds": {
      "candidate_universe": [
        {
          "index": 0,
          "source_group": "ganspace",
          "source_rank": 0,
          "rho": 0.13082951307296753,
          "probe_gain": 0.005154917016625404,
          "probe_sign": -1.0,
          "selection_rho": 0.13082951307296753
        },
        {
          "index": 1,
          "source_group": "sefa",
          "source_rank": 0,
          "rho": 0.1843445897102356,
          "probe_gain": 0.009394938126206398,
          "probe_sign": 1.0,
          "selection_rho": 0.1843445897102356
        },
        {
          "index": 2,
          "source_group": "random",
          "source_rank": 0,
          "rho": 0.03112608753144741,
          "probe_gain": 0.0004024431109428406,
          "probe_sign": -1.0,
          "selection_rho": 0.03112608753144741
        }
      ],
      "selected_candidate_offsets": {
        "risk_aware": [
          1
        ],
        "gain_only": [
          1
        ],
        "low_risk": [
          2
        ],
        "random": [
          1
        ],
        "high_risk": [
          1
        ]
      },
      "target_abs_delta_attr": 0.008049278520047665,
      "rows": {
        "risk_aware": [
          {
            "candidate_index": 1,
            "source_group": "sefa",
            "source_rank": 0,
            "rho": 0.1843445897102356,
            "selection_rho": 0.1843445897102356,
            "probe_gain": 0.009394938126206398,
            "probe_sign": 1.0,
            "alpha": 1.9752084410528337,
            "target_abs_delta_attr": 0.008049278520047665,
            "target_reached_on_calib": true,
            "calib_max_abs_delta_attr": 0.008238168433308601,
            "mean_delta_attr": 0.0013417787849903107,
            "mean_abs_delta_attr": 0.002664390951395035,
            "mean_id_cos": 0.9777196943759918,
            "mean_lpips_proxy": 0.01179747935384512,
            "mean_lpips_true": 0.0573525745421648
          }
        ],
        "gain_only": [
          {
            "candidate_index": 1,
            "source_group": "sefa",
            "source_rank": 0,
            "rho": 0.1843445897102356,
            "selection_rho": 0.1843445897102356,
            "probe_gain": 0.009394938126206398,
            "probe_sign": 1.0,
            "alpha": 1.9752084410528337,
            "target_abs_delta_attr": 0.008049278520047665,
            "target_reached_on_calib": true,
            "calib_max_abs_delta_attr": 0.008238168433308601,
            "mean_delta_attr": 0.0013417787849903107,
            "mean_abs_delta_attr": 0.002664390951395035,
            "mean_id_cos": 0.9777196943759918,
            "mean_lpips_proxy": 0.01179747935384512,
            "mean_lpips_true": 0.0573525745421648
          }
        ],
        "low_risk": [
          {
            "candidate_index": 2,
            "source_group": "random",
            "source_rank": 0,
            "rho": 0.03112608753144741,
            "selection_rho": 0.03112608753144741,
            "probe_gain": 0.0004024431109428406,
            "probe_sign": -1.0,
            "alpha": 1.966697194836859,
            "target_abs_delta_attr": 0.008049278520047665,
            "target_reached_on_calib": true,
            "calib_max_abs_delta_attr": 0.008200353011488914,
            "mean_delta_attr": 0.00031576212495565414,
            "mean_abs_delta_attr": 0.0013686632737517357,
            "mean_id_cos": 0.994934618473053,
            "mean_lpips_proxy": 0.0026761204935610294,
            "mean_lpips_true": 0.013697333168238401
          }
        ],
        "random": [
          {
            "candidate_index": 1,
            "source_group": "sefa",
            "source_rank": 0,
            "rho": 0.1843445897102356,
            "selection_rho": 0.1843445897102356,
            "probe_gain": 0.009394938126206398,
            "probe_sign": 1.0,
            "alpha": 1.9752084410528337,
            "target_abs_delta_attr": 0.008049278520047665,
            "target_reached_on_calib": true,
            "calib_max_abs_delta_attr": 0.008238168433308601,
            "mean_delta_attr": 0.0013417787849903107,
            "mean_abs_delta_attr": 0.002664390951395035,
            "mean_id_cos": 0.9777196943759918,
            "mean_lpips_proxy": 0.01179747935384512,
            "mean_lpips_true": 0.0573525745421648
          }
        ],
        "high_risk": [
          {
            "candidate_index": 1,
            "source_group": "sefa",
            "source_rank": 0,
            "rho": 0.1843445897102356,
            "selection_rho": 0.1843445897102356,
            "probe_gain": 0.009394938126206398,
            "probe_sign": 1.0,
            "alpha": 1.9752084410528337,
            "target_abs_delta_attr": 0.008049278520047665,
            "target_reached_on_calib": true,
            "calib_max_abs_delta_attr": 0.008238168433308601,
            "mean_delta_attr": 0.0013417787849903107,
            "mean_abs_delta_attr": 0.002664390951395035,
            "mean_id_cos": 0.9777196943759918,
            "mean_lpips_proxy": 0.01179747935384512,
            "mean_lpips_true": 0.0573525745421648
          }
        ]
      },
      "summary": {
        "risk_aware": {
          "n": 1,
          "mean_probe_gain": 0.009394938126206398,
          "mean_rho": 0.1843445897102356,
          "mean_selection_rho": 0.1843445897102356,
          "target_hit_rate_calib": 1.0,
          "mean_abs_delta_attr": 0.002664390951395035,
          "mean_id_cos": 0.9777196943759918,
          "mean_lpips_proxy": 0.01179747935384512,
          "mean_abs_alpha": 1.9752084410528337,
          "mean_lpips_true": 0.0573525745421648
        },
        "gain_only": {
          "n": 1,
          "mean_probe_gain": 0.009394938126206398,
          "mean_rho": 0.1843445897102356,
          "mean_selection_rho": 0.1843445897102356,
          "target_hit_rate_calib": 1.0,
          "mean_abs_delta_attr": 0.002664390951395035,
          "mean_id_cos": 0.9777196943759918,
          "mean_lpips_proxy": 0.01179747935384512,
          "mean_abs_alpha": 1.9752084410528337,
          "mean_lpips_true": 0.0573525745421648
        },
        "low_risk": {
          "n": 1,
          "mean_probe_gain": 0.0004024431109428406,
          "mean_rho": 0.03112608753144741,
          "mean_selection_rho": 0.03112608753144741,
          "target_hit_rate_calib": 1.0,
          "mean_abs_delta_attr": 0.0013686632737517357,
          "mean_id_cos": 0.994934618473053,
          "mean_lpips_proxy": 0.0026761204935610294,
          "mean_abs_alpha": 1.966697194836859,
          "mean_lpips_true": 0.013697333168238401
        },
        "random": {
          "n": 1,
          "mean_probe_gain": 0.009394938126206398,
          "mean_rho": 0.1843445897102356,
          "mean_selection_rho": 0.1843445897102356,
          "target_hit_rate_calib": 1.0,
          "mean_abs_delta_attr": 0.002664390951395035,
          "mean_id_cos": 0.9777196943759918,
          "mean_lpips_proxy": 0.01179747935384512,
          "mean_abs_alpha": 1.9752084410528337,
          "mean_lpips_true": 0.0573525745421648
        },
        "high_risk": {
          "n": 1,
          "mean_probe_gain": 0.009394938126206398,
          "mean_rho": 0.1843445897102356,
          "mean_selection_rho": 0.1843445897102356,
          "target_hit_rate_calib": 1.0,
          "mean_abs_delta_attr": 0.002664390951395035,
          "mean_id_cos": 0.9777196943759918,
          "mean_lpips_proxy": 0.01179747935384512,
          "mean_abs_alpha": 1.9752084410528337,
          "mean_lpips_true": 0.0573525745421648
        }
      }
    }
  },
  "config": {
    "domain": "church",
    "attrs": [
      "clouds"
    ],
    "methods": [
      "ganspace",
      "sefa",
      "random"
    ],
    "candidate_k": 1,
    "ganspace_samples": 8,
    "k_select": 1,
    "min_gain_quantile": 0.5,
    "risk_power": 1.0,
    "n_risk": 1,
    "n_probe": 2,
    "probe_alpha": 1.0,
    "n_calib": 2,