{
  "domain": "church",
  "n_max": 128,
  "Ns": [
    8,
    16,
    32,
    64,
    128
  ],
  "attrs": [
    "clouds",
    "sunny",
    "vegetation"
  ],
  "per_attr_ratios": {
    "clouds": [
      0.07580526173114777,
      0.062016356736421585,
      0.09879490733146667,
      0.07025309652090073,
      0.10252432525157928,
      0.10995496064424515,
      0.0586673840880394,
      0.14738380908966064,
      0.11320783197879791,
      0.07673895359039307,
      0.08384206891059875,
      0.07853449136018753,
      0.11433309316635132,
      0.06941382586956024,
      0.08773830533027649,
      0.0794159546494484,
      0.06606326997280121,
      0.056543756276369095,
      0.09035326540470123,
      0.06452479213476181,
      0.08188717067241669,
      0.07277625799179077,
      0.07026690244674683,
      0.09223489463329315,
      0.0827014371752739,
      0.10652145743370056,
      0.06043156981468201,
      0.07841289043426514,
      0.09670896083116531,
      0.06556057184934616,
      0.0861288458108902,
      0.08002937585115433,
      0.05806480348110199,
      0.08038316667079926,
      0.07051606476306915,
      0.06798528879880905,
      0.09607115387916565,
      0.1060701310634613,
      0.08147618919610977,
      0.06605220586061478,
      0.07484089583158493,
      0.07852407544851303,
      0.06492263078689575,
      0.05912827327847481,
      0.05984912067651749,
      0.07992491126060486,
      0.06819501519203186,
      0.06591887772083282,
      0.05875232070684433,
      0.07593126595020294,
      0.06492747366428375,
      0.12198404222726822,
      0.07444988936185837,
      0.05723850429058075,
      0.10704748332500458,
      0.06997353583574295,
      0.0892074704170227,
      0.10040823370218277,
      0.05902568995952606,
      0.0724574476480484,
      0.0789869949221611,
      0.06786037981510162,
      0.06921407580375671,
      0.08753421157598495,
      0.052014533430337906,
      0.0810820460319519,
      0.06303594261407852,
      0.09879247844219208,
      0.0701235979795456,
      0.06607067584991455,
      0.053399499505758286,
      0.057265058159828186,
      0.04520578682422638,
      0.07924066483974457,
      0.08102398365736008,
      0.06988843530416489,
      0.09499512612819672,
      0.0732865035533905,
      0.07604316622018814,
      0.0964042916893959,
      0.07149365544319153,
      0.0727919191122055,
      0.08320027589797974,
      0.09299367666244507,
      0.0614069402217865,
      0.08308662474155426,
      0.08239956945180893,
      0.060973696410655975,
      0.054803259670734406,
      0.07362653315067291,
      0.06374495476484299,
      0.08257543295621872,
      0.060453783720731735,
      0.09836890548467636,
      0.08950702100992203,
      0.08588351309299469,
      0.06065692380070686,
      0.07061891257762909,
      0.049754053354263306,
      0.06808187067508698,
      0.06354828923940659,
      0.06890133023262024,
      0.07774373143911362,
      0.07091329991817474,
      0.09085328876972198,
      0.082618847489357,
      0.07198089361190796,
      0.08088694512844086,
      0.08637692034244537,
      0.08562301099300385,
      0.07600000500679016,
      0.09263186156749725,
      0.10843226313591003,
      0.08425045013427734,
      0.07970964163541794,
      0.07806900143623352,
      0.06959287077188492,
      0.06579388678073883,
      0.07528865337371826,
      0.06822985410690308,
      0.06709839403629303,
      0.07018925249576569,
      0.12376637011766434,
      0.07009530067443848,
      0.04643632844090462,
      0.0586572103202343,
      0.07005299627780914,
      0.06970799714326859
    ],
    "sunny": [
      0.08205088973045349,
      0.07199741154909134,
      0.05781656131148338,
      0.06415913999080658,
      0.08816061913967133,
      0.05342540889978409,
      0.05221511423587799,
      0.07094290852546692,
      0.08385804295539856,
      0.062401242554187775,
      0.059308286756277084,
      0.0719098374247551,
      0.06976200640201569,
      0.07217049598693848,
      0.09615307301282883,
      0.06110578402876854,
      0.04915995895862579,
      0.05194006487727165,
      0.0631972923874855,
      0.061360329389572144,
      0.04988916963338852,
      0.07091723382472992,
      0.06602700054645538,
      0.05574122071266174,
      0.05745987966656685,
      0.06293626129627228,
      0.07720947265625,
      0.0974823534488678,
      0.07068928331136703,
      0.06770314276218414,
      0.07427839189767838,
      0.05347398668527603,
      0.04398559033870697,
      0.07210579514503479,
      0.06145533174276352,
      0.05300619825720787,
      0.07292808592319489,
      0.053834766149520874,
      0.053593046963214874,
      0.0551007017493248,
      0.06279302388429642,
      0.05601412057876587,
      0.05717254430055618,
      0.048307206481695175,
      0.04893333837389946,
      0.04730881750583649,
      0.058987151831388474,
      0.0515994057059288,
      0.054366759955883026,
      0.0656130388379097,
      0.051704421639442444,
      0.074464812874794,
      0.06758783012628555,
      0.06513373553752899,
      0.08819100260734558,
      0.06620529294013977,
      0.07772372663021088,
      0.05783754587173462,
      0.04618499428033829,
      0.04788544028997421,
      0.047093842178583145,
      0.06498982012271881,
      0.054389938712120056,
      0.052131447941064835,
      0.05800466984510422,
      0.058330874890089035,
      0.03983093053102493,
      0.05024270713329315,
      0.0635676383972168,
      0.04928307607769966,
      0.04476529359817505,
      0.11081112176179886,
      0.056436050683259964,
      0.05798932909965515,
      0.0758402943611145,
      0.06375589966773987,
      0.06868618726730347,
      0.05558721721172333,
      0.052196331322193146,
      0.06961184740066528,
      0.04937700182199478,
      0.0885540172457695,
      0.06636524945497513,
      0.04882945120334625,
      0.049022965133190155,
      0.051976606249809265,
      0.06837157160043716,
      0.07244697213172913,
      0.0493398979306221,
      0.06003940850496292,
      0.06039333716034889,
      0.06121142581105232,
      0.05390094220638275,
      0.0579165443778038,
      0.05677871033549309,
      0.06012260541319847,
      0.06526842713356018,
      0.04585361108183861,
      0.044209763407707214,
      0.05981855094432831,
      0.058400463312864304,
      0.051854170858860016,
      0.034087225794792175,
      0.08142106235027313,
      0.06644812226295471,
      0.07038205862045288,
      0.05477656424045563,
      0.052443310618400574,
      0.06379116326570511,
      0.052905645221471786,
      0.05008954554796219,
      0.07501273602247238,
      0.06413934379816055,
      0.05830536037683487,
      0.049514785408973694,
      0.05704112350940704,
      0.06497476994991302,
      0.06499562412500381,
      0.0649583637714386,
      0.05597070977091789,
      0.07364041358232498,
      0.08711589872837067,
      0.06797054409980774,
      0.0552261546254158,
      0.048207059502601624,
      0.05804552882909775,
      0.04920767620205879,
      0.059676241129636765
    ],