{
  "per_attr": {
    "clouds": {
      "candidate_universe": [
        {
          "index": 0,
          "source_group": "ganspace",
          "source_rank": 0,
          "rho": 0.15758326649665833,
          "probe_gain": 0.006288725882768631,
          "probe_sign": -1.0,
          "selection_rho": 0.15758326649665833
        },
        {
          "index": 1,
          "source_group": "ganspace",
          "source_rank": 1,
          "rho": 0.12607675790786743,
          "probe_gain": 0.012503789737820625,
          "probe_sign": 1.0,
          "selection_rho": 0.12607675790786743
        },
        {
          "index": 2,
          "source_group": "sefa",
          "source_rank": 0,
          "rho": 0.15319693088531494,
          "probe_gain": 0.005503147840499878,
          "probe_sign": -1.0,
          "selection_rho": 0.15319693088531494
        },
        {
          "index": 3,
          "source_group": "sefa",
          "source_rank": 1,
          "rho": 0.16647356748580933,
          "probe_gain": 0.005468999966979027,
          "probe_sign": -1.0,
          "selection_rho": 0.16647356748580933
        }
      ],
      "selected_candidate_offsets": {
        "risk_aware": [
          1
        ],
        "gain_only": [
          1
        ],
        "low_risk": [
          1
        ],
        "random": [
          1
        ],
        "high_risk": [
          3
        ]
      },
      "target_abs_delta_attr": 0.0054320478811860085,
      "rows": {
        "risk_aware": [
          {
            "candidate_index": 1,
            "source_group": "ganspace",
            "source_rank": 1,
            "rho": 0.12607675790786743,
            "selection_rho": 0.12607675790786743,
            "probe_gain": 0.012503789737820625,
            "probe_sign": 1.0,
            "alpha": -1.846694569187141,
            "target_abs_delta_attr": 0.0054320478811860085,
            "target_reached_on_calib": true,
            "calib_max_abs_delta_attr": 0.006408334709703922,
            "mean_delta_attr": -0.016564729623496532,
            "mean_abs_delta_attr": 0.016564729623496532,
            "mean_id_cos": 0.9528909921646118,
            "mean_lpips_proxy": 0.059287168085575104,
            "mean_lpips_true": 0.06498426012694836
          }
        ],
        "gain_only": [
          {
            "candidate_index": 1,
            "source_group": "ganspace",
            "source_rank": 1,
            "rho": 0.12607675790786743,
            "selection_rho": 0.12607675790786743,
            "probe_gain": 0.012503789737820625,
            "probe_sign": 1.0,
            "alpha": -1.846694569187141,
            "target_abs_delta_attr": 0.0054320478811860085,
            "target_reached_on_calib": true,
            "calib_max_abs_delta_attr": 0.006408334709703922,
            "mean_delta_attr": -0.016564729623496532,
            "mean_abs_delta_attr": 0.016564729623496532,
            "mean_id_cos": 0.9528909921646118,
            "mean_lpips_proxy": 0.059287168085575104,
            "mean_lpips_true": 0.06498426012694836
          }
        ],
        "low_risk": [
          {
            "candidate_index": 1,
            "source_group": "ganspace",
            "source_rank": 1,
            "rho": 0.12607675790786743,
            "selection_rho": 0.12607675790786743,
            "probe_gain": 0.012503789737820625,
            "probe_sign": 1.0,
            "alpha": -1.846694569187141,
            "target_abs_delta_attr": 0.0054320478811860085,
            "target_reached_on_calib": true,
            "calib_max_abs_delta_attr": 0.006408334709703922,
            "mean_delta_attr": -0.016564729623496532,
            "mean_abs_delta_attr": 0.016564729623496532,
            "mean_id_cos": 0.9528909921646118,
            "mean_lpips_proxy": 0.059287168085575104,
            "mean_lpips_true": 0.06498426012694836
          }
        ],
        "random": [
          {
            "candidate_index": 1,
            "source_group": "ganspace",
            "source_rank": 1,
            "rho": 0.12607675790786743,
            "selection_rho": 0.12607675790786743,
            "probe_gain": 0.012503789737820625,
            "probe_sign": 1.0,
            "alpha": -1.846694569187141,
            "target_abs_delta_attr": 0.0054320478811860085,
            "target_reached_on_calib": true,
            "calib_max_abs_delta_attr": 0.006408334709703922,
            "mean_delta_attr": -0.016564729623496532,
            "mean_abs_delta_attr": 0.016564729623496532,
            "mean_id_cos": 0.9528909921646118,
            "mean_lpips_proxy": 0.059287168085575104,
            "mean_lpips_true": 0.06498426012694836
          }
        ],
        "high_risk": [
          {
            "candidate_index": 3,
            "source_group": "sefa",
            "source_rank": 1,
            "rho": 0.16647356748580933,
            "selection_rho": 0.16647356748580933,
            "probe_gain": 0.005468999966979027,
            "probe_sign": -1.0,
            "alpha": -1.7959371025314899,
            "target_abs_delta_attr": 0.0054320478811860085,
            "target_reached_on_calib": true,
            "calib_max_abs_delta_attr": 0.006321401335299015,
            "mean_delta_attr": -0.015862648375332355,
            "mean_abs_delta_attr": 0.015862648375332355,
            "mean_id_cos": 0.9683412313461304,
            "mean_lpips_proxy": 0.028866187669336796,
            "mean_lpips_true": 0.036050950177013874
          }
        ]
      },
      "summary": {
        "risk_aware": {
          "n": 1,
          "mean_probe_gain": 0.012503789737820625,
          "mean_rho": 0.12607675790786743,
          "mean_selection_rho": 0.12607675790786743,
          "target_hit_rate_calib": 1.0,
          "mean_abs_delta_attr": 0.016564729623496532,
          "mean_id_cos": 0.9528909921646118,
          "mean_lpips_proxy": 0.059287168085575104,
          "mean_abs_alpha": 1.846694569187141,
          "mean_lpips_true": 0.06498426012694836
        },
        "gain_only": {
          "n": 1,
          "mean_probe_gain": 0.012503789737820625,
          "mean_rho": 0.12607675790786743,
          "mean_selection_rho": 0.12607675790786743,
          "target_hit_rate_calib": 1.0,
          "mean_abs_delta_attr": 0.016564729623496532,
          "mean_id_cos": 0.9528909921646118,
          "mean_lpips_proxy": 0.059287168085575104,
          "mean_abs_alpha": 1.846694569187141,
          "mean_lpips_true": 0.06498426012694836
        },
        "low_risk": {
          "n": 1,
          "mean_probe_gain": 0.012503789737820625,
          "mean_rho": 0.12607675790786743,
          "mean_selection_rho": 0.12607675790786743,
          "target_hit_rate_calib": 1.0,
          "mean_abs_delta_attr": 0.016564729623496532,
          "mean_id_cos": 0.9528909921646118,
          "mean_lpips_proxy": 0.059287168085575104,
          "mean_abs_alpha": 1.846694569187141,
          "mean_lpips_true": 0.06498426012694836
        },
        "random": {
          "n": 1,
          "mean_probe_gain": 0.012503789737820625,
          "mean_rho": 0.12607675790786743,
          "mean_selection_rho": 0.12607675790786743,
          "target_hit_rate_calib": 1.0,
          "mean_abs_delta_attr": 0.016564729623496532,
          "mean_id_cos": 0.9528909921646118,
          "mean_lpips_proxy": 0.059287168085575104,
          "mean_abs_alpha": 1.846694569187141,
          "mean_lpips_true": 0.06498426012694836
        },
        "high_risk": {
          "n": 1,
          "mean_probe_gain": 0.005468999966979027,
          "mean_rho": 0.16647356748580933,
          "mean_selection_rho": 0.16647356748580933,
          "target_hit_rate_calib": 1.0,
          "mean_abs_delta_attr": 0.015862648375332355,
          "mean_id_cos": 0.9683412313461304,
          "mean_lpips_proxy": 0.028866187669336796,
          "mean_abs_alpha": 1.7959371025314899,
          "mean_lpips_true": 0.036050950177013874
        }
      }
    }
  },