{
  "float32": {
    "agg_by_step": {
      "3.0": 0.4710341033022749,
      "1.0": 0.968024259484611,
      "0.3": 2.16768666895334,
      "0.1": 4.311452515216312,
      "0.03": 14.672067136412158,
      "0.01": 105.5765225535503,
      "0.003": 1090.4231773579256,
      "0.001": 8354.357652974075,
      "0.0003": 80508.11255083377,
      "0.0001": 659124.6077107389,
      "3e-05": 6682646.207995149,
      "1e-05": 55762466.17210845,
      "3e-06": 570473104.4446222,
      "1e-06": 4667701703.703393
    },
    "best_step": 3.0,
    "floor_relerr": 0.4710341033022749
  },
  "float64": {
    "agg_by_step": {
      "3.0": 0.4712279397534214,
      "1.0": 0.9684107291000364,
      "0.3": 2.16381267610885,
      "0.1": 4.101737870921782,
      "0.03": 7.480014713354147,
      "0.01": 12.030054689908496,
      "0.003": 18.150193986075738,
      "0.001": 23.733915382521307,
      "0.0003": 28.68358354017074,
      "0.0001": 31.833975403045443,
      "3e-05": 32.20213827393991,
      "1e-05": 34.707427892331275,
      "3e-06": 30.035682282664173,
      "1e-06": 15.026184113360669
    },
    "best_step": 3.0,
    "floor_relerr": 0.4712279397534214
  }
}