{
  "per_attr": [
    {
      "attr": "view",
      "alphas": [
        -3.0,
        -2.0,
        -1.0,
        0.0,
        1.0,
        2.0,
        3.0
      ],
      "counts": [
        [
          2,
          2,
          2,
          2,
          1,
          1,
          1
        ],
        [
          1,
          1,
          1,
          1,
          1,
          1,
          2
        ],
        [
          2,
          1,
          2,
          3,
          1,
          2,
          3
        ],
        [
          1,
          1,
          2,
          1,
          1,
          1,
          1
        ],
        [
          1,
          1,
          1,
          2,
          1,
          1,
          1
        ],
        [
          1,
          2,
          2,
          2,
          1,
          1,
          1
        ],
        [
          3,
          2,
          3,
          2,
          3,
          1,
          1
        ],
        [
          3,
          4,
          3,
          2,
          3,
          4,
          3
        ]
      ],
      "mean_range": 1.375,
      "mean_std": 0.533415409474984,
      "mean_count": 1.7142857142857142,
      "frac_samples_with_change": 1.0
    },
    {
      "attr": "indoor_lighting",
      "alphas": [
        -3.0,
        -2.0,
        -1.0,
        0.0,
        1.0,
        2.0,
        3.0
      ],
      "counts": [
        [
          1,
          2,
          2,
          2,
          2,
          3,
          3
        ],
        [
          1,
          1,
          1,
          1,
          1,
          1,
          1
        ],
        [
          2,
          2,
          2,
          3,
          2,
          1,
          1
        ],
        [
          2,
          2,
          1,
          1,
          2,
          2,
          1
        ],
        [
          3,
          1,
          2,
          2,
          3,
          2,
          1
        ],
        [
          1,
          1,
          1,
          2,
          2,
          1,
          1
        ],
        [
          3,
          3,
          3,
          2,
          2,
          2,
          2
        ],
        [
          2,
          3,
          1,
          2,
          2,
          3,
          4
        ]
      ],
      "mean_range": 1.5,
      "mean_std": 0.5473359061233748,
      "mean_count": 1.8392857142857142,
      "frac_samples_with_change": 0.875
    },
    {
      "attr": "wood",
      "alphas": [
        -3.0,
        -2.0,
        -1.0,
        0.0,
        1.0,
        2.0,
        3.0
      ],
      "counts": [
        [
          2,
          2,
          2,
          2,
          2,
          2,
          3
        ],
        [
          1,
          1,
          1,
          1,
          1,
          1,
          1
        ],
        [
          1,
          2,
          1,
          3,
          2,
          2,
          3
        ],
        [
          1,
          2,
          2,
          1,
          2,
          2,
          2
        ],
        [
          1,
          1,
          1,
          2,
          3,
          3,
          4
        ],
        [
          1,
          1,
          2,
          2,
          1,
          1,
          1
        ],
        [
          3,
          3,
          3,
          2,
          4,
          3,
          3
        ],
        [
          3,
          3,
          2,
          2,
          2,
          2,
          3
        ]
      ],
      "mean_range": 1.375,
      "mean_std": 0.5204520457352255,
      "mean_count": 1.9642857142857142,
      "frac_samples_with_change": 0.875
    },
    {
      "attr": "glossy",
      "alphas": [
        -3.0,
        -2.0,
        -1.0,
        0.0,
        1.0,
        2.0,
        3.0
      ],
      "counts": [
        [
          2,
          2,
          2,
          2,
          2,
          2,
          2
        ],
        [
          2,
          2,
          1,
          1,
          1,
          1,
          1
        ],
        [
          2,
          2,
          2,
          3,
          1,
          1,
          1
        ],
        [
          2,
          1,
          2,
          1,
          2,
          1,
          1
        ],
        [
          1,
          2,
          1,
          2,
          1,
          2,
          2
        ],
        [
          2,
          2,
          2,
          2,
          1,
          1,
          1
        ],
        [
          2,
          3,
          3,
          2,
          2,
          3,
          4
        ],
        [
          2,
          3,
          3,
          2,
          2,
          2,
          2
        ]
      ],
      "mean_range": 1.125,
      "mean_std": 0.4734789131586203,
      "mean_count": 1.8214285714285714,
      "frac_samples_with_change": 0.875
    },
    {
      "attr": "carpet",
      "alphas": [
        -3.0,
        -2.0,
        -1.0,
        0.0,
        1.0,
        2.0,
        3.0
      ],
      "counts": [
        [
          1,
          1,
          2,
          2,
          2,
          2,
          2
        ],
        [
          1,
          1,
          1,
          1,
          1,
          1,
          1
        ],
        [
          2,
          2,
          1,
          3,
          2,
          2,
          5
        ],
        [
          1,
          1,
          1,
          1,
          2,
          2,
          2
        ],
        [
          1,
          1,
          1,
          2,
          3,
          3,
          4
        ],
        [
          2,
          3,
          2,
          2,
          2,
          1,
          2
        ],
        [
          3,
          2,
          2,
          2,
          3,
          3,
          2
        ],
        [
          1,
          3,
          2,
          2,
          2,
          2,
          2
        ]
      ],
      "mean_range": 1.75,
      "mean_std": 0.6016788355221232,
      "mean_count": 1.8928571428571428,
      "frac_samples_with_change": 0.875
    },
    {
      "attr": "dirt",
      "alphas": [
        -3.0,
        -2.0,
        -1.0,
        0.0,
        1.0,
        2.0,
        3.0
      ],
      "counts": [
        [
          2,
          2,
          2,
          2,
          2,
          2,
          3
        ],
        [
          1,
          1,
          1,
          1,
          1,
          2,
          2
        ],
        [
          3,
          2,
          2,
          3,
          3,
          3,
          3
        ],
        [
          1,
          1,
          1,
          1,
          2,
          1,
          1
        ],
        [
          1,
          1,
          3,
          2,
          2,
          1,
          2
        ],
        [
          1,
          1,
          1,
          2,
          1,
          1,
          1
        ],
        [
          2,
          2,
          2,
          2,
          3,
          3,
          3
        ],
        [
          2,
          2,
          2,
          2,
          2,
          3,
          2
        ]
      ],
      "mean_range": 1.125,
      "mean_std": 0.43724277486024254,
      "mean_count": 1.8392857142857142,
      "frac_samples_with_change": 1.0
    },
    {
      "attr": "scary",
      "alphas": [
        -3.0,
        -2.0,
        -1.0,
        0.0,
        1.0,
        2.0,
        3.0
      ],