{
  "view": {
    "0.1": {
      "m2_rel_mean": 2.3758914917707443,
      "m3_rel_mean": 2.6936489306390285
    },
    "0.01": {
      "m2_rel_mean": 7.0771781504154205,
      "m3_rel_mean": 15.958892837166786
    },
    "0.001": {
      "m2_rel_mean": 18.20037090778351,
      "m3_rel_mean": 959.5329992175102
    },
    "0.0001": {
      "m2_rel_mean": 67.10262757539749,
      "m3_rel_mean": 86229.9584236145
    },
    "1e-05": {
      "m2_rel_mean": 561.3195495605469,
      "m3_rel_mean": 7735583.255859375
    }
  },
  "indoor_lighting": {
    "0.1": {
      "m2_rel_mean": 5.795944020152092,
      "m3_rel_mean": 6.8769033551216125
    },
    "0.01": {
      "m2_rel_mean": 15.285671055316925,
      "m3_rel_mean": 176.12842202186584
    },
    "0.001": {
      "m2_rel_mean": 37.949153780937195,
      "m3_rel_mean": 13836.976753234863
    },
    "0.0001": {
      "m2_rel_mean": 216.68824434280396,
      "m3_rel_mean": 1084141.1528320312
    },
    "1e-05": {
      "m2_rel_mean": 1650.593695640564,
      "m3_rel_mean": 92101573.5625
    }
  },
  "wood": {
    "0.1": {
      "m2_rel_mean": 4.9946989715099335,
      "m3_rel_mean": 5.769747689366341
    },
    "0.01": {
      "m2_rel_mean": 13.439918607473373,
      "m3_rel_mean": 100.49699211120605
    },
    "0.001": {
      "m2_rel_mean": 32.364102244377136,
      "m3_rel_mean": 8107.415962219238
    },
    "0.0001": {
      "m2_rel_mean": 170.13880848884583,
      "m3_rel_mean": 641469.7241210938
    },
    "1e-05": {
      "m2_rel_mean": 1243.2652130126953,
      "m3_rel_mean": 52312784.6875
    }
  },
  "_meta": {
    "seed": 2027,
    "deterministic_set": false,
    "timestamp_utc": "2026-05-21T11:21:38.295972+00:00",
    "python": "3.12.9",
    "torch": "2.2.2+cu121",
    "numpy": "1.26.4",
    "cuda": "12.1",
    "cudnn_version": 8902,
    "gpu_name": "NVIDIA GeForce RTX 3070",
    "git_commit": "1051367f5aabbde5a9610cc5c997d7dc6a04ffb2",
    "git_dirty": true,
    "track": "fd_validation",
    "injected_by": "lib/inject_meta.py"
  }
}