{
  "pairs": [
    {
      "a": "clouds",
      "b": "sunny",
      "corr": 0.9798928632805849,
      "nonlinearity": 0.02010713671941511,
      "mixed_norm": 0.8629677097002665,
      "predictor": 0.0012012855069229113
    },
    {
      "a": "clouds",
      "b": "vegetation",
      "corr": 0.9112936367581435,
      "nonlinearity": 0.08870636324185655,
      "mixed_norm": 0.42288925498723984,
      "predictor": 0.0010381192698538286
    },
    {
      "a": "sunny",
      "b": "vegetation",
      "corr": 0.8887111758574086,
      "nonlinearity": 0.11128882414259145,
      "mixed_norm": 0.4713103398680687,
      "predictor": 0.0015005622280612517
    }
  ],
  "spearman": {
    "r": 0.5,
    "p": 0.6666666666666666
  },
  "pearson": {
    "r": 0.397140871443929,
    "p": 0.740004869001106
  },
  "first_norms": {
    "clouds": 30.523713906606037,
    "sunny": 23.534822861353557,
    "vegetation": 13.345720450083414
  },
  "n_pairs": 3,
  "n_samples_per_pair": 12
}