{
  "ganspace": {
    "name": "GANSpace-W",
    "n_dirs": 16,
    "n_rediscovered": 7,
    "rediscovered": {
      "indoor_lighting": [
        true,
        1
      ],
      "wood": [
        true,
        5
      ],
      "carpet": [
        false,
        null
      ],
      "cluttered_space": [
        true,
        14
      ],
      "glossy": [
        true,
        2
      ],
      "dirt": [
        true,
        15
      ],
      "scary": [
        true,
        2
      ],
      "view": [
        true,
        0
      ]
    },
    "per_dir_topk": [
      [
        [
          "a window",
          0.012366682291030884
        ],
        [
          "a view through a window",
          0.00700068473815918
        ],
        [
          "a pillow",
          0.0014827549457550049
        ]
      ],
      [
        [
          "a curtain",
          0.012311503291130066
        ],
        [
          "outdoor view",
          0.005138605833053589
        ],
        [
          "warm indoor lighting",
          0.0010892599821090698
        ]
      ],
      [
        [
          "a curtain",
          0.018590345978736877
        ],
        [
          "a scary bedroom",
          0.011022508144378662
        ],
        [
          "shiny furniture",
          0.008712127804756165
        ]
      ],
      [
        [
          "shiny furniture",
          0.0279189795255661
        ],
        [
          "a glossy surface",
          0.026196569204330444
        ],
        [
          "a view through a window",
          0.015157416462898254
        ]
      ],
      [
        [
          "warm indoor lighting",
          0.03757880628108978
        ],
        [
          "a pillow",
          0.021536752581596375
        ],
        [
          "a lamp",
          0.021058261394500732
        ]
      ],
      [
        [
          "outdoor view",
          0.0170118510723114
        ],
        [
          "wooden furniture",
          0.012045234441757202
        ],
        [
          "a bright bedroom",
          0.009386301040649414
        ]
      ],
      [
        [
          "a pillow",
          0.022158131003379822
        ],
        [
          "a glossy surface",
          0.019891172647476196
        ],
        [
          "shiny furniture",
          0.011554092168807983
        ]
      ],
      [
        [
          "outdoor view",
          0.019384920597076416
        ],
        [
          "a scary bedroom",
          0.015154972672462463
        ],
        [
          "wooden furniture",
          0.009927868843078613
        ]
      ],
      [
        [
          "warm indoor lighting",
          0.014381185173988342
        ],
        [
          "a glossy surface",
          0.009915262460708618
        ],
        [
          "shiny furniture",
          0.004581764340400696
        ]
      ],
      [
        [
          "a view through a window",
          0.03158925473690033
        ],
        [
          "outdoor view",
          0.018495634198188782
        ],
        [
          "a window",
          0.016499564051628113
        ]
      ],
      [
        [
          "outdoor view",
          0.030401915311813354
        ],
        [
          "a view through a window",
          0.015392988920211792
        ],
        [
          "a curtain",
          0.010792404413223267
        ]
      ],
      [
        [
          "warm indoor lighting",
          0.011974707245826721
        ],
        [
          "a pillow",
          0.01135660707950592
        ],
        [
          "a glossy surface",
          0.007878303527832031
        ]
      ],
      [
        [
          "wooden furniture",
          0.03668305277824402
        ],
        [
          "a lamp",
          0.02135254442691803
        ],
        [
          "a curtain",
          0.020999833941459656
        ]
      ],
      [
        [
          "a glossy surface",
          0.01559215784072876
        ],
        [
          "shiny furniture",
          0.014294326305389404
        ],
        [
          "a curtain",
          0.009827837347984314
        ]
      ],
      [
        [
          "a scary bedroom",
          0.023695021867752075
        ],
        [
          "a messy room",
          0.019893914461135864
        ],
        [
          "a cluttered bedroom",
          0.012872040271759033
        ]
      ],
      [
        [
          "a scary bedroom",
          0.021021276712417603
        ],
        [
          "a clean room",
          0.01867210865020752
        ],
        [
          "a dirty room",
          0.01752951741218567
        ]
      ]
    ]
  },
  "sefa": {
    "name": "SeFa",
    "n_dirs": 16,
    "n_rediscovered": 7,
    "rediscovered": {
      "indoor_lighting": [
        true,
        2
      ],
      "wood": [
        true,
        4
      ],
      "carpet": [
        true,
        14
      ],
      "cluttered_space": [
        true,
        6
      ],
      "glossy": [
        true,
        0
      ],
      "dirt": [
        false,
        null
      ],
      "scary": [
        true,
        5
      ],
      "view": [
        true,
        1
      ]
    },