{
  "readiness": "rho_incremental_value_sensitive",
  "pass_count": 0,
  "total": 5,
  "rows": [
    {
      "summary": "dino_church",
      "domain": "church",
      "target": "clip_id_damage",
      "delta_cv_r2": {
        "n": 5,
        "mean": -0.05574695746235704,
        "median": -0.05104943324707423,
        "std": 0.06473376668811022,
        "sem": 0.028949820550845173,
        "ci95_normal": [
          -0.11248860574201358,
          0.0009946908172994984
        ],
        "orientation": "higher",
        "wins": 1,
        "p_sign_two_sided": 0.375
      },
      "beta_rho_full": {
        "n": 5,
        "mean": 0.11330506005177839,
        "median": 0.16677663411800625,
        "std": 0.16383388540621688,
        "sem": 0.07326874095724234,
        "ci95_normal": [
          -0.030301672224416584,
          0.25691179232797334
        ],
        "orientation": "higher",
        "wins": 4,
        "p_sign_two_sided": 0.375
      },
      "pass": false
    },
    {
      "summary": "dino_church",
      "domain": "church",
      "target": "dino_damage",
      "delta_cv_r2": {
        "n": 5,
        "mean": -0.1078143115204071,
        "median": -0.01862082202531451,
        "std": 0.16525015279135133,
        "sem": 0.07390211498673764,
        "ci95_normal": [
          -0.2526624568944129,
          0.03703383385359868
        ],
        "orientation": "higher",
        "wins": 0,
        "p_sign_two_sided": 0.0625
      },
      "beta_rho_full": {
        "n": 5,
        "mean": 0.09268048772646256,
        "median": 0.14957895132375665,
        "std": 0.14380907078360888,
        "sem": 0.06431337161064568,
        "ci95_normal": [
          -0.033373720630402975,
          0.2187346960833281
        ],
        "orientation": "higher",
        "wins": 4,
        "p_sign_two_sided": 0.375
      },
      "pass": false
    },
    {
      "summary": "dino_church",
      "domain": "church",
      "target": "lpips_damage",
      "delta_cv_r2": {
        "n": 5,
        "mean": 0.04161752690943672,
        "median": -0.01229069326000476,
        "std": 0.2874766914035745,
        "sem": 0.1285634847850244,
        "ci95_normal": [
          -0.21036690326921115,
          0.29360195708808456
        ],
        "orientation": "higher",
        "wins": 2,
        "p_sign_two_sided": 1.0
      },
      "beta_rho_full": {
        "n": 5,
        "mean": 0.14299101376353662,
        "median": 0.19185617552777562,
        "std": 0.193194207879754,
        "sem": 0.0863990763356711,
        "ci95_normal": [
          -0.02635117585437871,
          0.312333203381452
        ],
        "orientation": "higher",
        "wins": 4,
        "p_sign_two_sided": 0.375
      },
      "pass": false
    },
    {
      "summary": "random_church",
      "domain": "church",
      "target": "clip_id_damage",
      "delta_cv_r2": {
        "n": 5,
        "mean": -0.015644723191015925,
        "median": -0.021465826725025394,
        "std": 0.0732842253612516,
        "sem": 0.032773701917234534,
        "ci95_normal": [
          -0.07988117894879561,
          0.04859173256676376
        ],
        "orientation": "higher",
        "wins": 2,
        "p_sign_two_sided": 1.0
      },
      "beta_rho_full": {
        "n": 5,
        "mean": 0.1439355799408549,
        "median": 0.09541789521827962,
        "std": 0.15251273428190476,
        "sem": 0.06820576825774032,
        "ci95_normal": [
          0.010252274155683888,
          0.2776188857260259
        ],
        "orientation": "higher",
        "wins": 4,
        "p_sign_two_sided": 0.375
      },
      "pass": false
    },
    {
      "summary": "random_church",
      "domain": "church",
      "target": "lpips_damage",
      "delta_cv_r2": {
        "n": 5,
        "mean": 0.04000175425300735,
        "median": -0.01815796559767635,
        "std": 0.14168691241203052,
        "sem": 0.06336431353507178,
        "ci95_normal": [
          -0.08419230027573334,
          0.16419580878174805
        ],
        "orientation": "higher",
        "wins": 1,
        "p_sign_two_sided": 0.375
      },
      "beta_rho_full": {
        "n": 5,
        "mean": 0.09289191576898688,
        "median": 0.10354689818231691,
        "std": 0.2776733247890142,
        "sem": 0.12417928595332263,
        "ci95_normal": [
          -0.15049948469952545,
          0.33628331623749924
        ],
        "orientation": "higher",
        "wins": 3,
        "p_sign_two_sided": 1.0
      },
      "pass": false
    }
  ],
  "seed_rows": [
    {
      "summary": "random_church",
      "source": "experiments/out/control_cross_domain_risk_predictive_prompt_ensemble_random_universe/church_seed_2122/metrics.json",
      "domain": "church",
      "seed": 2122,
      "target": "lpips_damage",
      "n_rows": 27,
      "base_cv_r2": 0.22456604045625256,
      "full_cv_r2": 0.5166394814944957,
      "delta_cv_r2": 0.2920734410382431,
      "beta_rho_full": 0.29499195249866444
    },
    {
      "summary": "random_church",
      "source": "experiments/out/control_cross_domain_risk_predictive_prompt_ensemble_random_universe/church_seed_2122/metrics.json",
      "domain": "church",
      "seed": 2122,
      "target": "clip_id_damage",
      "n_rows": 27,
      "base_cv_r2": 0.36396478464604914,
      "full_cv_r2": 0.24857360120615066,
      "delta_cv_r2": -0.11539118343989849,
      "beta_rho_full": 0.09541789521827962
    },
    {
      "summary": "random_church",
      "source": "experiments/out/control_cross_domain_risk_predictive_prompt_ensemble_random_universe/church_seed_2123/metrics.json",
      "domain": "church",
      "seed": 2123,
      "target": "lpips_damage",
      "n_rows": 27,
      "base_cv_r2": 0.6044818695645998,
      "full_cv_r2": 0.5602074922169845,
      "delta_cv_r2": -0.0442743773476153,
      "beta_rho_full": 0.4314223603186401
    },
    {
      "summary": "random_church",
      "source": "experiments/out/control_cross_domain_risk_predictive_prompt_ensemble_random_universe/church_seed_2123/metrics.json",
      "domain": "church",
      "seed": 2123,
      "target": "clip_id_damage",
      "n_rows": 27,
      "base_cv_r2": 0.5446230853243798,
      "full_cv_r2": 0.6320369292042073,
      "delta_cv_r2": 0.08741384387982754,
      "beta_rho_full": 0.3787922600162561
    },
    {
      "summary": "random_church",
      "source": "experiments/out/control_cross_domain_risk_predictive_prompt_ensemble_random_universe/church_seed_2124/metrics.json",
      "domain": "church",
      "seed": 2124,
      "target": "lpips_damage",
      "n_rows": 27,
      "base_cv_r2": 0.630991420907172,
      "full_cv_r2": 0.6046521990601447,
      "delta_cv_r2": -0.026339221847027305,
      "beta_rho_full": -0.20386070208809773
    },
    {
      "summary": "random_church",
      "source": "experiments/out/control_cross_domain_risk_predictive_prompt_ensemble_random_universe/church_seed_2124/metrics.json",
      "domain": "church",
      "seed": 2124,
      "target": "clip_id_damage",
      "n_rows": 27,
      "base_cv_r2": 0.6788182640301402,
      "full_cv_r2": 0.6573524373051148,
      "delta_cv_r2": -0.021465826725025394,
      "beta_rho_full": -0.010106777066546752
    },
    {
      "summary": "random_church",
      "source": "experiments/out/control_cross_domain_risk_predictive_prompt_ensemble_random_universe/church_seed_2125/metrics.json",
      "domain": "church",
      "seed": 2125,
      "target": "lpips_damage",
      "n_rows": 27,
      "base_cv_r2": 0.8397264831703699,
      "full_cv_r2": 0.8215685175726936,
      "delta_cv_r2": -0.01815796559767635,
      "beta_rho_full": 0.10354689818231691
    },
    {
      "summary": "random_church",
      "source": "experiments/out/control_cross_domain_risk_predictive_prompt_ensemble_random_universe/church_seed_2125/metrics.json",
      "domain": "church",
      "seed": 2125,
      "target": "clip_id_damage",
      "n_rows": 27,
      "base_cv_r2": 0.853714057986401,