{
  "domain": "ffhq",
  "n_max": 64,
  "Ns": [
    8,
    16,
    32,
    64
  ],
  "attrs": [
    "smile",
    "age",
    "pose",
    "gender",
    "eyeglasses"
  ],
  "per_attr_ratios": {
    "smile": [
      0.7482101326328786,
      0.892901151193526,
      1.8541194968176395,
      1.8868834032737996,
      1.4247276546993453,
      1.0384644611408718,
      0.5286907137303211,
      1.13021585345222,
      0.8217960276018444,
      0.9531070566300738,
      0.8840563115145013,
      2.386769188220029,
      0.9003732693288143,
      1.404922282384797,
      1.497322936133292,
      1.1720624887929592,
      1.1236122817115972,
      2.07150442644262,
      0.9775950562404044,
      0.5115722131225986,
      0.6133403057023582,
      1.0867745564524964,
      1.1455824623091373,
      1.4546309845660397,
      0.9285087841921619,
      0.4105747495958758,
      2.5739720250566442,
      1.0292772733475153,
      1.0678118436064616,
      0.7668965213431737,
      1.5053824093243988,
      2.5856125728916868,
      1.1422550081469525,
      0.4965512459645285,
      0.9253658387077534,
      1.1027847024922524,
      0.4637232246455591,
      4.118783852017454,
      1.0589258118370886,
      1.7830274425124966,
      0.8655732162032214,
      2.0103032556545704,
      1.7200781416662825,
      0.7598850395294379,
      0.5210964301678315,
      1.9078027379417966,
      1.0458836620386607,
      2.0285879787616095,
      1.3344906427227958,
      1.429227916447741,
      0.8041281137945753,
      1.3417616403409263,
      2.101328639078937,
      1.1525049391627162,
      1.6886001880891257,
      0.8489280461079732,
      0.491195641040324,
      1.113103945670653,
      1.1205082726445674,
      1.1776241396463325,
      0.8518246947152216,
      0.7489285254817735,
      2.645909606387292,
      1.3249930035700999
    ],
    "age": [
      4.386115229323729,
      3.462307063338647,
      7.5967426008195575,
      8.223630299878462,
      1.8936574669586994,
      3.780088922833529,
      1.5334979357501315,
      4.4135711899599785,
      1.5133383178003432,
      4.9088780804962076,
      5.4163229935926855,
      2.3602688597298855,
      3.696564436959946,
      2.367233026012342,
      5.480411898442688,
      2.245410728690786,
      2.7696572280616922,
      5.826024660249082,
      2.6057469744746644,
      1.5766447222977382,
      1.0946771162794,
      5.0572807273098705,
      3.4271127089387052,
      2.4888638015031352,
      4.590179860174517,
      1.9934162452723567,
      1.5115236475629295,
      4.334625099480659,
      5.683164591680848,
      3.7100379319765717,
      5.448682446239346,
      1.4435589716650885,
      3.012833816823405,
      1.6409010625974285,
      0.6777243964173677,
      2.0916322222771813,
      7.5876767741403714,
      2.2542736466634623,
      2.2699753109681677,
      2.3310251305501795,
      1.4127850468672825,
      9.374135634332067,
      2.9069687447528123,
      8.801828584365076,
      1.0004399128174013,
      3.6881891394317123,
      1.4013924963296633,
      6.637653551219923,
      3.7047329140850933,
      1.4649460496336477,
      2.3911493227586074,
      2.405812464331541,
      2.3991011959487,
      4.313508333816611,
      0.8992438301313783,
      5.102518604984559,
      1.5087341227710034,
      2.895461703361671,
      7.397511601466785,
      2.6337882651987643,
      3.534452937073801,
      2.1938651225890866,
      4.07673377158516,
      1.9131279204366887
    ],
    "pose": [
      14.051457858922618,
      18.69303825669545,
      16.71168852717565,
      36.610462781604504,
      14.233979576526853,
      25.07193506859627,
      19.092420301366253,
      30.206996097529277,
      22.88654718930221,
      36.64024180288421,
      26.647462252693543,
      16.096733589195612,
      10.858377064088781,
      6.185512095193199,
      18.5286769422482,
      16.920907473871367,
      23.177351242118927,
      21.207282561971628,
      16.19227093474732,
      26.82221902258592,
      68.12457309963258,
      21.823619281660843,
      24.318144037354315,
      18.312196924573644,
      24.64125061509679,
      13.836381955418155,
      12.089825416699522,
      19.276121136579295,
      66.47586078634947,
      12.401835633015768,
      40.69590023959061,
      14.454116786111797,
      17.203700195193782,
      8.660940814322073,
      15.592930010017056,
      21.558847581813982,
      21.215017953289653,
      10.450608322905941,
      12.634073754061346,
      9.988024059724676,
      12.901469292252976,
      52.89130330768013,
      15.67317664189383,
      41.30817205474971,
      22.39539091488629,
      34.69850858212131,
      5.186959166574663,
      19.879973368078552,
      15.805221291240123,
      18.70192721669704,
      10.274773944455198,
      12.618569046805096,
      28.074950968757626,
      10.85891295583654,
      7.789658263827667,
      14.610988305379156,
      11.475840222844031,
      20.941823879246282,
      24.740641276644727,
      27.32912742833972,
      16.759875752509394,
      27.85159072185055,
      29.524251445417605,
      26.282039714956333
    ],
    "gender": [
      5.602328118845451,
      2.3827730246328365,
      3.5588581961981176,
      5.764960885937658,
      2.1168063780203994,
      9.63171474959089,
      6.637514845588311,
      4.743040078740057,
      1.5305496705956718,
      5.710134372671568,
      10.96764364014518,
      5.757160023611891,
      2.755334948722032,
      2.0436440665145668,
      8.160277269941487,
      3.148863545332164,
      6.969614955222293,
      6.088105192277809,
      2.419525930054905,
      3.218502663901229,
      5.181045946645537,
      5.30256961855041,
      6.278721474372737,
      6.730211531108583,
      4.716304109343358,
      5.473410828588327,
      2.8885257542065297,
      5.621269909556051,
      2.214327743050701,
      5.158156052482958,
      7.109096521445014,
      7.507802924486336,
      6.931057289217375,
      2.5104861799144165,
      1.6871531291652873,
      4.84619043980816,
      7.721261667508553,
      4.516244122262014,
      6.4297636833981295,
      6.218582460632683,
      3.28666248528764,
      8.23382413314691,
      7.7527706800116425,
      4.297201346963602,
      3.951798727135483,
      4.173225153947301,
      1.3105422757037084,
      2.9596302253481173,
      5.167344299966868,
      4.510351641300453,
      4.620308543532676,
      2.485165567225738,
      8.326846940511533,
      3.9524002927703252,
      2.4824154845447564,
      4.395207067731009,
      6.327181388238294,
      4.663541361130285,
      3.7327759541059304,
      4.182115065783568,
      3.247964865846644,
      5.672252714472583,
      5.001978000285272,
      3.7356890878951803
    ],