{
  "loss_per_epoch": [
    1.7296934885978699,
    1.7279170768260956,
    1.7279170784950257,
    1.7279170770645143,
    1.7279170787334441,
    1.727919242143631,
    1.7279197320938111,
    1.727920805454254,
    1.7279200124740601,
    1.7279203975200652,
    1.7279202020168305,
    1.727920226097107,
    1.7279208884239197,
    1.7279195306301116,
    1.7279204382896423,
    1.7279197192192077,
    1.7279200148582459,
    1.727920198917389,
    1.7279200694561005,
    1.7279196679592133,
    1.7279201309680938,
    1.7279191946983337,
    1.7279199903011322,
    1.727920060634613,
    1.7279196517467499,
    1.7279191539287566,
    1.7279191863536836,
    1.727919546842575,
    1.7279196808338164,
    1.7279190509319304,
    1.727919501543045,
    1.7279192500114442,
    1.7279190280437469,
    1.7279192099571228,
    1.7279194090366363,
    1.7279190974235534,
    1.727919293642044,
    1.7279186882972717,
    1.7279193499088288,
    1.7279187524318695,
    1.7279189026355743,
    1.7279187750816345,
    1.7279188938140868,
    1.7279189293384551,
    1.7279190435409546,
    1.7279187524318695,
    1.7279187924861907,
    1.7279186866283416,
    1.7279188704490662,
    1.7279186351299285
  ],
  "contrast_per_epoch": [
    1.7294871294498444,
    1.7279170768260956,
    1.7279170784950257,
    1.7279170770645143,
    1.7279170787334441,
    1.727919242143631,
    1.7279197320938111,
    1.727920805454254,
    1.7279200124740601,
    1.7279203975200652,
    1.7279202020168305,
    1.727920226097107,
    1.7279208884239197,
    1.7279195306301116,
    1.7279204382896423,
    1.7279197192192077,
    1.7279200148582459,
    1.727920198917389,
    1.7279200694561005,
    1.7279196679592133,
    1.7279201309680938,
    1.7279191946983337,
    1.7279199903011322,
    1.727920060634613,
    1.7279196517467499,
    1.7279191539287566,
    1.7279191863536836,
    1.727919546842575,
    1.7279196808338164,
    1.7279190509319304,
    1.727919501543045,
    1.7279192500114442,
    1.7279190280437469,
    1.7279192099571228,
    1.7279194090366363,
    1.7279190974235534,
    1.727919293642044,
    1.7279186882972717,
    1.7279193499088288,
    1.7279187524318695,
    1.7279189026355743,
    1.7279187750816345,
    1.7279188938140868,
    1.7279189293384551,
    1.7279190435409546,
    1.7279187524318695,
    1.7279187924861907,
    1.7279186866283416,
    1.7279188704490662,
    1.7279186351299285
  ],
  "ortho_per_epoch": [
    0.00041271634515589994,
    7.568775873788266e-09,
    5.1598242593813125e-15,
    5.70597825851624e-15,
    5.57572750008162e-15,
    2.602039896964623e-10,
    4.0451701359994993e-10,
    6.031855574536086e-10,
    5.206401195631118e-10,
    5.483634691071988e-10,
    8.737239715648435e-10,
    5.203750792846294e-10,
    8.953951823543931e-10,
    5.280754463480545e-10,
    8.078495510213859e-10,
    5.287247419771986e-10,
    5.313760538377672e-10,
    7.333780121156089e-10,
    6.167406963967974e-10,
    5.753489122993556e-10,
    8.567058548375547e-10,
    6.359786786046776e-10,
    7.696859661578926e-10,
    9.697444501952456e-10,
    6.564160280630365e-10,
    6.281675810372739e-10,
    5.617492333431359e-10,
    6.667412496586689e-10,
    6.277900937740489e-10,
    5.701228490431971e-10,
    8.362487476217396e-10,
    5.403691376868667e-10,
    4.963980771755015e-10,
    6.496689920500335e-10,
    6.679236159435589e-10,
    7.497520814121257e-10,
    7.554843522154036e-10,
    4.890672587472928e-10,
    7.095306082044786e-10,
    5.800720613778995e-10,
    5.545742632844896e-10,
    5.754622040944157e-10,
    6.125454524822131e-10,
    6.743515333013973e-10,
    6.375814498399369e-10,
    5.289760781916533e-10,
    6.90729398444335e-10,
    5.876551684499959e-10,
    6.178017671830925e-10,
    5.973488060457546e-10
  ],
  "K": 20,
  "epochs_done": 50,
  "epochs_total": 50,
  "wallclock_s": 12810.18226146698,
  "_meta": {
    "seed": 2027,
    "deterministic_set": false,
    "timestamp_utc": "2026-05-21T11:21:38.280831+00:00",
    "python": "3.12.9",
    "torch": "2.2.2+cu121",
    "numpy": "1.26.4",
    "cuda": "12.1",
    "cudnn_version": 8902,
    "gpu_name": "NVIDIA GeForce RTX 3070",
    "git_commit": "1051367f5aabbde5a9610cc5c997d7dc6a04ffb2",
    "git_dirty": true,
    "track": "disco_ffhq",
    "injected_by": "lib/inject_meta.py"
  }
}