{
  "in_domain": {
    "chronos_mase": 0.5274004646784044,
    "dlinear_mase": 2.580856356764354,
    "chronos_slope": 0.036509682868937715,
    "dlinear_slope": 0.009146693995329759,
    "recall_index": -0.031413510489756734,
    "n": 30
  },
  "zero_shot": {
    "chronos_mase": 0.4646999691844135,
    "dlinear_mase": 2.632979659208212,
    "chronos_slope": 0.02228269899908091,
    "dlinear_slope": -0.03258200150427011,
    "recall_index": -0.06153137619596975,
    "n": 15
  },
  "synthetic": {
    "chronos_mase": 0.768720219818123,
    "dlinear_mase": 1.5080088994016285,
    "chronos_slope": 0.030060866051186512,
    "dlinear_slope": 0.023442213413840833,
    "recall_index": -0.014003218034650516,
    "n": 9
  }
}