{
  "names": [
    "bed-indoor_lighting",
    "bed-wood",
    "bed-carpet",
    "bed-cluttered_space",
    "bed-glossy",
    "bed-dirt",
    "bed-scary",
    "bed-view",
    "ffhq-smile",
    "ffhq-age",
    "ffhq-gender",
    "ffhq-eyeglasses",
    "ffhq-pose"
  ],
  "apriori_labels": [
    "textural",
    "textural",
    "textural",
    "textural",
    "textural",
    "textural",
    "textural",
    "structural",
    "textural",
    "textural",
    "textural",
    "structural",
    "structural"
  ],
  "feature_names": [
    "pixel_\u03c1",
    "CLIP_path",
    "C3_score",
    "layer_argmax_frac",
    "alpha_slope"
  ],
  "coverage_used": [
    "pixel_\u03c1",
    "CLIP_path",
    "C3_score"
  ],
  "matrix": [
    [
      -0.3053948010664313,
      2.7072271837223427,
      0.07490016520023346
    ],
    [
      -0.204815410317576,
      3.060418671315575,
      0.05751301348209381
    ],
    [
      -0.022276394711152253,
      3.2048890789953655,
      0.0781012624502182
    ],
    [
      -0.07058107428570727,
      2.9461403348024975,
      0.08325137197971344
    ],
    [
      -0.03621217265444471,
      2.8130185159522636,
      0.11548060178756714
    ],
    [
      -0.031517051446064856,
      2.8442859136135863,
      0.08735285699367523
    ],
    [
      0.04139268515822507,
      2.772362719029107,
      0.10044430196285248
    ],
    [
      1.365862215402555,
      6.262427465791542,
      0.10067692399024963
    ],
    [
      0.24303804868629442,
      2.141247639988788,
      0.11836332082748413
    ],
    [
      0.8819549713396004,
      3.08259109083033,
      0.10104288160800934
    ],
    [
      0.9400181550076633,
      3.5066858691389555,
      0.13530460000038147
    ],
    [
      1.3583156400821959,
      3.68067628488805,
      0.12616857886314392
    ],
    [
      1.697839368218363,
      6.328581028815449,
      0.3237433135509491
    ]
  ],
  "z_normalized": [
    [
      -1.1299335559905943,
      -0.6247490370043846,
      -0.638217050390511
    ],
    [
      -0.9796017525515938,
      -0.3423189922782444,
      -0.911101833428195
    ],
    [
      -0.7067683300205878,
      -0.22679303784301424,
      -0.587977037379451
    ],
    [
      -0.7789673117495418,
      -0.43370181668478547,
      -0.5071480123407837
    ],
    [
      -0.7275975537307587,
      -0.540152856906903,
      -0.001322416167241766
    ],
    [
      -0.7205799526758581,
      -0.5151498406107464,
      -0.4427767532460808
    ],
    [
      -0.6116048225783417,
      -0.5726633192105929,
      -0.2373114661204935
    ],
    [
      1.3680243201235622,
      2.2181716163710394,
      -0.23366055120900556
    ],
    [
      -0.31021394191591767,
      -1.0773353349925334,
      0.043920771015950134
    ],
    [
      0.6447484267665667,
      -0.3245887874029474,
      -0.2279169845373489
    ],
    [
      0.7315330359120459,
      0.014539168432086651,
      0.309807752760857
    ],
    [
      1.356744770016417,
      0.15367083674265128,
      0.16642134961227326
    ],
    [
      1.8642166683946035,
      2.2710714013883773,
      3.267282231430032
    ]
  ]
}