{
  "bedroom": {
    "full": {
      "n": 28,
      "spearman": {
        "r": 0.48002189381499727,
        "p": 0.009734300983573254
      },
      "pearson": {
        "r": 0.16176028253067296,
        "p": 0.41086820199262425
      },
      "log_pearson": {
        "r": 0.6520777030384696,
        "p": 0.00017007035111360719
      },
      "spearman_raw_mixed": {
        "r": -0.6579091406677614,
        "p": 0.0001418272222319939
      }
    },
    "no_view": {
      "n": 21,
      "spearman": {
        "r": -0.16623376623376623,
        "p": 0.471422022315551
      },
      "pearson": {
        "r": -0.29636758717480854,
        "p": 0.1920615695194895
      },
      "log_pearson": {
        "r": -0.33732753639482993,
        "p": 0.13480810675995675
      },
      "spearman_raw_mixed": {
        "r": -0.2584415584415584,
        "p": 0.2579885873988545
      }
    },
    "only_view": {
      "n": 7,
      "spearman": {
        "r": -0.8571428571428573,
        "p": 0.013697326615325618
      },
      "pearson": {
        "r": -0.7963451908937668,
        "p": 0.03210598002201377
      }
    }
  },
  "ffhq": {
    "full": {
      "n": 10,
      "spearman": {
        "r": 0.8060606060606059,
        "p": 0.004862061101964607
      },
      "pearson": {
        "r": 0.16867839876977228,
        "p": 0.6413364737211659
      },
      "log_pearson": {
        "r": 0.3290441132305611,
        "p": 0.35321498458767486
      },
      "spearman_raw_mixed": {
        "r": -0.04242424242424241,
        "p": 0.9073638178128159
      }
    },
    "no_pose": {
      "n": 6,
      "spearman": {
        "r": 0.6,
        "p": 0.208
      },
      "pearson": {
        "r": -0.12449941825854463,
        "p": 0.8142157496490393
      },
      "log_pearson": {
        "r": 0.11509999437712513,
        "p": 0.8281124312980744
      },
      "spearman_raw_mixed": {
        "r": 0.2,
        "p": 0.7040000000000001
      }
    },
    "only_pose": {
      "n": 4,
      "spearman": {
        "r": 0.39999999999999997,
        "p": 0.6
      },
      "pearson": {
        "r": -0.007689736954036824,
        "p": 0.9923102630459633
      }
    }
  },
  "_meta": {
    "seed": 2027,
    "deterministic_set": false,
    "timestamp_utc": "2026-05-19T16:12:37.460687+00:00",
    "python": "3.12.9",
    "torch": "2.2.2+cu121",
    "numpy": "1.26.4",
    "cuda": "12.1",
    "cudnn_version": 8902,
    "gpu_name": "NVIDIA GeForce RTX 3070",
    "git_commit": "aa9152f14a44abc59b21082d70ca0ed5fffb88bf",
    "git_dirty": true,
    "track": "c4_robustness",
    "injected_by": "lib/inject_meta.py"
  }
}